price,Ram,ROM,ROM_type,display_size,resolution_width,resolution_height,warranty,gen,P_brand_amd,P_brand_intel,P_brand_apple,P_brand_other,P_type_ryzen5,P_type_i3,P_type_i5,P_type_m1,P_type_i7,P_type_other,P_type_ryzen3,P_type_i9,P_type_m2,P_type_ryzen7,P_type_ryzen9,brand_HP,brand_Acer,brand_Lenovo,brand_Apple,brand_Dell,brand_Asus,brand_Samsung,brand_other,brand_MSI,brand_Infinix,brand_LG
49900,8,512,1,15.6,1920.0,1080.0,1,5.0,1,0,0,0,1,0,0,0,0,0,0,0,0,0,0,1,0,0,0,0,0,0,0,0,0,0
39900,8,512,1,15.6,1920.0,1080.0,1,12.0,0,1,0,0,0,1,0,0,0,0,0,0,0,0,0,1,0,0,0,0,0,0,0,0,0,0
26990,8,512,1,14.0,1920.0,1080.0,1,11.0,0,1,0,0,0,1,0,0,0,0,0,0,0,0,0,0,1,0,0,0,0,0,0,0,0,0
59729,16,512,1,14.0,2240.0,1400.0,1,12.0,0,1,0,0,0,0,1,0,0,0,0,0,0,0,0,0,0,1,0,0,0,0,0,0,0,0
69990,8,256,1,13.3,2560.0,1600.0,1,0.0,0,0,1,0,0,0,0,1,0,0,0,0,0,0,0,0,0,0,1,0,0,0,0,0,0,0
39990,8,512,1,14.0,1920.0,1080.0,1,12.0,0,1,0,0,0,0,1,0,0,0,0,0,0,0,0,0,1,0,0,0,0,0,0,0,0,0
36790,8,512,1,15.6,1920.0,1080.0,1,12.0,0,1,0,0,0,1,0,0,0,0,0,0,0,0,0,0,0,0,0,1,0,0,0,0,0,0
76990,16,512,1,15.6,1920.0,1080.0,1,13.0,0,1,0,0,0,0,1,0,0,0,0,0,0,0,0,0,1,0,0,0,0,0,0,0,0,0
48990,8,512,1,15.6,1920.0,1080.0,1,12.0,0,1,0,0,0,0,1,0,0,0,0,0,0,0,0,0,0,0,0,0,1,0,0,0,0,0
74990,16,512,1,13.3,1080.0,1920.0,1,12.0,0,1,0,0,0,0,1,0,0,0,0,0,0,0,0,0,0,0,0,0,0,1,0,0,0,0
49990,16,512,1,15.6,1920.0,1080.0,1,12.0,0,1,0,0,0,0,0,0,1,0,0,0,0,0,0,0,0,1,0,0,0,0,0,0,0,0
10990,4,128,1,14.1,1366.0,768.0,1,0.0,0,1,0,0,0,0,0,0,0,1,0,0,0,0,0,0,0,0,0,0,0,0,1,0,0,0
72990,16,512,1,15.6,1920.0,1080.0,1,12.0,0,1,0,0,0,0,1,0,0,0,0,0,0,0,0,0,0,0,0,0,1,0,0,0,0,0
10990,4,64,0,11.6,1366.0,768.0,1,0.0,0,0,0,1,0,0,0,0,0,1,0,0,0,0,0,0,0,0,0,0,0,0,1,0,0,0
29990,8,512,1,15.6,1920.0,1080.0,1,7.0,1,0,0,0,0,0,0,0,0,0,1,0,0,0,0,0,0,1,0,0,0,0,0,0,0,0
53649,8,512,1,15.6,1920.0,1080.0,1,11.0,0,1,0,0,0,0,1,0,0,0,0,0,0,0,0,0,0,0,0,0,1,0,0,0,0,0
33990,8,512,1,14.0,1920.0,1080.0,1,11.0,0,1,0,0,0,1,0,0,0,0,0,0,0,0,0,0,0,0,0,0,0,0,0,1,0,0
79990,32,1024,1,15.6,1920.0,1080.0,1,13.0,0,1,0,0,0,0,0,0,0,0,0,1,0,0,0,0,0,0,0,0,0,0,0,0,1,0
68990,16,512,1,15.6,1920.0,1080.0,1,12.0,0,1,0,0,0,0,1,0,0,0,0,0,0,0,0,1,0,0,0,0,0,0,0,0,0,0
45990,8,512,1,15.6,1920.0,1080.0,1,11.0,0,1,0,0,0,0,1,0,0,0,0,0,0,0,0,0,0,1,0,0,0,0,0,0,0,0
49900,8,512,1,16.0,1920.0,1200.0,1,5.0,1,0,0,0,1,0,0,0,0,0,0,0,0,0,0,0,0,0,0,0,1,0,0,0,0,0
104990,8,256,1,13.6,2560.0,1664.0,1,0.0,0,0,1,0,0,0,0,0,0,0,0,0,1,0,0,0,0,0,1,0,0,0,0,0,0,0
54990,16,512,1,15.6,1920.0,1080.0,1,12.0,0,1,0,0,0,0,1,0,0,0,0,0,0,0,0,0,1,0,0,0,0,0,0,0,0,0
49580,16,512,1,15.6,1920.0,1080.0,1,11.0,0,1,0,0,0,0,1,0,0,0,0,0,0,0,0,1,0,0,0,0,0,0,0,0,0,0
55990,16,512,1,16.0,1920.0,1200.0,1,5.0,1,0,0,0,0,0,0,0,0,0,0,0,0,1,0,0,0,0,0,0,1,0,0,0,0,0
43990,16,512,1,15.6,1920.0,1080.0,1,5.0,1,0,0,0,1,0,0,0,0,0,0,0,0,0,0,1,0,0,0,0,0,0,0,0,0,0
19850,4,256,1,15.6,1366.0,768.0,1,3.0,1,0,0,0,0,0,0,0,0,1,0,0,0,0,0,1,0,0,0,0,0,0,0,0,0,0
28990,8,512,1,15.6,1920.0,1080.0,1,0.0,0,1,0,0,0,1,0,0,0,0,0,0,0,0,0,0,1,0,0,0,0,0,0,0,0,0
54999,16,512,1,15.6,1920.0,1080.0,1,12.0,0,1,0,0,0,0,1,0,0,0,0,0,0,0,0,0,1,0,0,0,0,0,0,0,0,0
70990,16,512,1,15.6,1920.0,1080.0,1,13.0,0,1,0,0,0,0,0,0,1,0,0,0,0,0,0,0,0,0,0,1,0,0,0,0,0,0
56889,8,512,1,15.6,1920.0,1080.0,1,6.0,1,0,0,0,1,0,0,0,0,0,0,0,0,0,0,0,0,1,0,0,0,0,0,0,0,0
179880,16,1024,1,16.0,1920.0,1200.0,1,13.0,0,1,0,0,0,0,0,0,0,0,0,1,0,0,0,0,1,0,0,0,0,0,0,0,0,0
53790,16,512,1,15.6,1920.0,1080.0,1,5.0,1,0,0,0,1,0,0,0,0,0,0,0,0,0,0,1,0,0,0,0,0,0,0,0,0,0
37990,16,512,1,15.6,1920.0,1080.0,1,5.0,1,0,0,0,1,0,0,0,0,0,0,0,0,0,0,0,1,0,0,0,0,0,0,0,0,0
96990,16,1024,1,15.6,2560.0,1440.0,1,12.0,0,1,0,0,0,0,0,0,1,0,0,0,0,0,0,0,1,0,0,0,0,0,0,0,0,0
71990,16,512,1,15.6,1920.0,1080.0,1,13.0,0,1,0,0,0,0,1,0,0,0,0,0,0,0,0,1,0,0,0,0,0,0,0,0,0,0
59990,16,512,1,16.1,1920.0,1080.0,1,11.0,0,1,0,0,0,0,1,0,0,0,0,0,0,0,0,1,0,0,0,0,0,0,0,0,0,0
62990,16,1024,1,14.0,1920.0,1200.0,1,12.0,0,1,0,0,0,0,1,0,0,0,0,0,0,0,0,0,0,1,0,0,0,0,0,0,0,0
30990,8,512,1,14.0,1920.0,1080.0,1,12.0,0,1,0,0,0,1,0,0,0,0,0,0,0,0,0,0,0,0,0,0,0,0,0,0,1,0
74990,16,512,1,15.6,1920.0,1080.0,1,12.0,0,1,0,0,0,0,1,0,0,0,0,0,0,0,0,0,0,1,0,0,0,0,0,0,0,0
36490,8,512,1,15.6,1920.0,1080.0,1,11.0,0,1,0,0,0,1,0,0,0,0,0,0,0,0,0,1,0,0,0,0,0,0,0,0,0,0
77990,16,1024,1,15.6,1920.0,1080.0,1,12.0,0,1,0,0,0,0,1,0,0,0,0,0,0,0,0,0,0,0,0,1,0,0,0,0,0,0
54990,16,512,1,15.6,1920.0,1080.0,1,12.0,0,1,0,0,0,0,1,0,0,0,0,0,0,0,0,0,0,0,0,0,0,1,0,0,0,0
41190,8,256,1,15.6,1920.0,1080.0,1,12.0,0,1,0,0,0,1,0,0,0,0,0,0,0,0,0,0,0,1,0,0,0,0,0,0,0,0
89990,16,512,1,16.0,1920.0,1200.0,1,13.0,0,1,0,0,0,0,1,0,0,0,0,0,0,0,0,0,0,0,0,0,1,0,0,0,0,0
399999,32,1024,1,16.0,3200.0,2000.0,1,13.0,0,1,0,0,0,0,0,0,0,0,0,1,0,0,0,0,0,1,0,0,0,0,0,0,0,0
31990,8,512,1,15.6,1080.0,1920.0,1,11.0,0,1,0,0,0,0,1,0,0,0,0,0,0,0,0,0,0,0,0,0,0,0,1,0,0,0
31490,8,512,1,15.6,1920.0,1080.0,1,5.0,1,0,0,0,0,0,0,0,0,0,1,0,0,0,0,0,0,0,0,1,0,0,0,0,0,0
70590,16,512,1,15.6,1920.0,1080.0,1,12.0,0,1,0,0,0,0,1,0,0,0,0,0,0,0,0,1,0,0,0,0,0,0,0,0,0,0
104990,16,512,1,15.6,1920.0,1080.0,1,12.0,0,1,0,0,0,0,0,0,1,0,0,0,0,0,0,0,0,0,0,0,1,0,0,0,0,0
23990,8,256,1,15.6,1920.0,1080.0,1,0.0,0,1,0,0,0,0,0,0,0,1,0,0,0,0,0,0,0,1,0,0,0,0,0,0,0,0
37999,8,512,1,15.6,1366.0,768.0,1,5.0,1,0,0,0,1,0,0,0,0,0,0,0,0,0,0,1,0,0,0,0,0,0,0,0,0,0
52990,16,512,1,14.0,1920.0,1200.0,1,12.0,0,1,0,0,0,0,1,0,0,0,0,0,0,0,0,0,0,0,0,0,0,0,1,0,0,0
30849,8,512,1,15.6,1920.0,1080.0,1,5.0,1,0,0,0,0,0,0,0,0,0,1,0,0,0,0,0,0,1,0,0,0,0,0,0,0,0
58990,8,512,1,15.6,1920.0,1080.0,1,12.0,0,1,0,0,0,0,1,0,0,0,0,0,0,0,0,1,0,0,0,0,0,0,0,0,0,0
34990,16,512,1,15.6,1920.0,1080.0,1,11.0,0,1,0,0,0,0,1,0,0,0,0,0,0,0,0,0,0,0,0,0,0,0,1,0,0,0
49990,16,512,1,16.0,1920.0,1080.0,1,7.0,1,0,0,0,0,0,0,0,0,0,0,0,0,1,0,0,0,1,0,0,0,0,0,0,0,0
51780,8,512,1,15.6,1920.0,1080.0,1,12.0,0,1,0,0,0,0,1,0,0,0,0,0,0,0,0,1,0,0,0,0,0,0,0,0,0,0
68990,16,512,1,15.6,1920.0,1080.0,1,11.0,0,1,0,0,0,0,0,0,1,0,0,0,0,0,0,0,0,0,0,0,1,0,0,0,0,0
85990,16,1024,1,15.6,1920.0,1080.0,1,12.0,0,1,0,0,0,0,0,0,1,0,0,0,0,0,0,0,0,0,0,0,1,0,0,0,0,0
96990,16,512,1,15.6,1920.0,1080.0,1,13.0,0,1,0,0,0,0,0,0,1,0,0,0,0,0,0,0,0,1,0,0,0,0,0,0,0,0
148990,32,1024,1,16.0,3200.0,2000.0,1,13.0,0,1,0,0,0,0,0,0,0,0,0,1,0,0,0,0,0,1,0,0,0,0,0,0,0,0
72990,16,512,1,17.3,1920.0,1080.0,1,12.0,0,1,0,0,0,0,1,0,0,0,0,0,0,0,0,0,0,0,0,0,1,0,0,0,0,0
84490,16,1024,1,14.0,1920.0,1200.0,1,13.0,0,1,0,0,0,0,0,0,1,0,0,0,0,0,0,0,0,0,0,1,0,0,0,0,0,0
60990,16,512,1,15.6,1920.0,1080.0,1,12.0,0,1,0,0,0,0,0,0,1,0,0,0,0,0,0,0,0,0,0,0,1,0,0,0,0,0
33990,16,512,1,14.0,1920.0,1080.0,1,11.0,0,1,0,0,0,0,1,0,0,0,0,0,0,0,0,0,0,0,0,0,0,0,0,0,1,0
35990,16,512,1,14.0,1920.0,1080.0,1,11.0,0,1,0,0,0,1,0,0,0,0,0,0,0,0,0,0,0,0,0,0,1,0,0,0,0,0
60990,16,512,1,15.6,1920.0,1080.0,1,12.0,0,1,0,0,0,0,1,0,0,0,0,0,0,0,0,0,1,0,0,0,0,0,0,0,0,0
43990,16,512,1,14.0,2880.0,1800.0,1,12.0,0,1,0,0,0,0,1,0,0,0,0,0,0,0,0,0,0,0,0,0,0,0,1,0,0,0
62990,16,512,1,16.0,1920.0,1200.0,1,12.0,0,1,0,0,0,0,1,0,0,0,0,0,0,0,0,0,0,0,0,0,1,0,0,0,0,0
65990,16,1024,0,15.6,1920.0,1080.0,1,11.0,0,1,0,0,0,0,0,0,1,0,0,0,0,0,0,0,0,0,0,0,0,0,0,1,0,0
23990,8,512,1,15.6,1920.0,1080.0,1,11.0,0,1,0,0,0,0,0,0,0,1,0,0,0,0,0,0,0,0,0,0,0,0,0,0,1,0
61990,16,512,1,15.6,1920.0,1080.0,1,11.0,0,1,0,0,0,0,1,0,0,0,0,0,0,0,0,0,0,0,0,0,1,0,0,0,0,0
36990,8,512,1,15.6,1920.0,1080.0,1,5.0,1,0,0,0,0,0,0,0,0,0,1,0,0,0,0,0,0,0,0,1,0,0,0,0,0,0
50970,16,512,1,16.0,1920.0,1200.0,1,5.0,1,0,0,0,1,0,0,0,0,0,0,0,0,0,0,0,0,0,0,0,1,0,0,0,0,0
184999,16,512,1,15.6,1920.0,1200.0,0,10.0,0,1,0,0,0,0,0,0,1,0,0,0,0,0,0,0,0,0,0,1,0,0,0,0,0,0
109990,16,1024,1,16.1,1920.0,1080.0,1,7.0,1,0,0,0,0,0,0,0,0,0,0,0,0,1,0,1,0,0,0,0,0,0,0,0,0,0
42990,16,512,1,15.6,1920.0,1080.0,1,12.0,0,1,0,0,0,0,1,0,0,0,0,0,0,0,0,0,0,0,0,0,0,0,1,0,0,0
39150,8,512,1,15.6,1920.0,1080.0,1,12.0,0,1,0,0,0,1,0,0,0,0,0,0,0,0,0,1,0,0,0,0,0,0,0,0,0,0
92999,16,512,1,14.0,2880.0,1800.0,1,13.0,0,1,0,0,0,0,1,0,0,0,0,0,0,0,0,0,1,0,0,0,0,0,0,0,0,0
80990,16,512,1,16.1,1920.0,1080.0,1,7.0,1,0,0,0,0,0,0,0,0,0,0,0,0,1,0,1,0,0,0,0,0,0,0,0,0,0
55850,8,512,1,15.6,1920.0,1080.0,1,7.0,1,0,0,0,1,0,0,0,0,0,0,0,0,0,0,1,0,0,0,0,0,0,0,0,0,0
38990,8,512,1,15.6,1920.0,1080.0,1,11.0,0,1,0,0,0,0,1,0,0,0,0,0,0,0,0,0,1,0,0,0,0,0,0,0,0,0
53990,16,1024,0,15.6,1920.0,1080.0,1,11.0,0,1,0,0,0,0,1,0,0,0,0,0,0,0,0,0,0,0,0,0,0,0,0,1,0,0
38990,16,512,1,14.0,1920.0,1080.0,1,12.0,0,1,0,0,0,0,1,0,0,0,0,0,0,0,0,0,0,0,0,0,0,0,0,0,1,0
139234,16,1024,1,16.0,1920.0,1080.0,1,7.0,1,0,0,0,0,0,0,0,0,0,0,0,0,1,0,1,0,0,0,0,0,0,0,0,0,0
57990,16,1024,0,15.6,1920.0,1080.0,1,11.0,0,1,0,0,0,0,1,0,0,0,0,0,0,0,0,0,0,0,0,0,0,0,0,1,0,0
89999,8,512,1,15.6,1920.0,1080.0,1,13.0,0,1,0,0,0,0,1,0,0,0,0,0,0,0,0,0,0,1,0,0,0,0,0,0,0,0
37990,16,512,1,14.0,1920.0,1080.0,1,11.0,0,1,0,0,0,0,1,0,0,0,0,0,0,0,0,0,1,0,0,0,0,0,0,0,0,0
30990,8,512,1,14.0,1920.0,1080.0,1,11.0,0,1,0,0,0,1,0,0,0,0,0,0,0,0,0,0,0,0,0,0,1,0,0,0,0,0
92990,16,512,1,15.6,1920.0,1080.0,1,13.0,0,1,0,0,0,0,1,0,0,0,0,0,0,0,0,0,0,0,0,1,0,0,0,0,0,0
42990,8,512,1,15.6,1920.0,1080.0,1,12.0,0,1,0,0,0,1,0,0,0,0,0,0,0,0,0,1,0,0,0,0,0,0,0,0,0,0
59089,16,512,1,15.6,1920.0,1080.0,1,11.0,0,1,0,0,0,0,1,0,0,0,0,0,0,0,0,0,0,0,0,0,1,0,0,0,0,0
72999,16,512,1,15.6,1920.0,1080.0,1,12.0,0,1,0,0,0,0,1,0,0,0,0,0,0,0,0,1,0,0,0,0,0,0,0,0,0,0
126742,16,1024,1,16.1,2560.0,1440.0,1,6.0,1,0,0,0,0,0,0,0,0,0,0,0,0,1,0,1,0,0,0,0,0,0,0,0,0,0
126990,8,256,1,15.3,2880.0,1864.0,1,0.0,0,0,1,0,0,0,0,0,0,0,0,0,1,0,0,0,0,0,1,0,0,0,0,0,0,0
49990,8,512,1,15.6,1920.0,1080.0,1,12.0,0,1,0,0,0,0,1,0,0,0,0,0,0,0,0,0,0,0,0,0,0,1,0,0,0,0
74390,16,512,1,14.0,1920.0,1080.0,1,12.0,0,1,0,0,0,0,1,0,0,0,0,0,0,0,0,0,0,0,0,1,0,0,0,0,0,0
52990,8,512,1,15.6,1920.0,1080.0,1,12.0,0,1,0,0,0,0,1,0,0,0,0,0,0,0,0,0,0,0,0,1,0,0,0,0,0,0
60990,8,512,1,15.6,1920.0,1080.0,1,11.0,0,1,0,0,0,0,1,0,0,0,0,0,0,0,0,0,0,1,0,0,0,0,0,0,0,0
98174,16,512,1,16.1,1920.0,1080.0,1,6.0,1,0,0,0,0,0,0,0,0,0,0,0,0,1,0,1,0,0,0,0,0,0,0,0,0,0
18990,8,256,1,14.0,1920.0,1080.0,1,0.0,1,0,0,0,0,0,0,0,0,1,0,0,0,0,0,0,0,1,0,0,0,0,0,0,0,0
38990,8,512,1,15.6,1920.0,1080.0,1,11.0,0,1,0,0,0,0,1,0,0,0,0,0,0,0,0,0,0,0,0,0,1,0,0,0,0,0
41950,8,512,1,14.0,1920.0,1080.0,1,5.0,1,0,0,0,1,0,0,0,0,0,0,0,0,0,0,1,0,0,0,0,0,0,0,0,0,0
46990,16,512,1,15.6,3200.0,2000.0,1,11.0,0,1,0,0,0,0,1,0,0,0,0,0,0,0,0,0,0,0,0,0,0,0,1,0,0,0
9999,2,32,0,11.6,1366.0,768.0,1,0.0,0,1,0,0,0,0,0,0,0,1,0,0,0,0,0,0,0,0,0,0,0,0,1,0,0,0
40990,8,512,1,15.6,1920.0,1080.0,1,12.0,0,1,0,0,0,1,0,0,0,0,0,0,0,0,0,0,0,0,0,0,1,0,0,0,0,0
74990,8,512,1,15.6,1920.0,1080.0,1,6.0,1,0,0,0,0,0,0,0,0,0,0,0,0,1,0,0,0,1,0,0,0,0,0,0,0,0
33990,8,512,1,15.6,1920.0,1080.0,1,12.0,0,1,0,0,0,1,0,0,0,0,0,0,0,0,0,0,0,0,0,0,0,0,1,0,0,0
39990,8,512,1,15.6,1920.0,1080.0,1,12.0,0,1,0,0,0,0,1,0,0,0,0,0,0,0,0,0,0,0,0,0,0,0,1,0,0,0
10990,4,32,0,11.6,1366.0,768.0,1,0.0,0,1,0,0,0,0,0,0,0,1,0,0,0,0,0,0,0,0,0,0,1,0,0,0,0,0
88990,32,1024,1,15.6,1920.0,1080.0,2,13.0,0,1,0,0,0,0,1,0,0,0,0,0,0,0,0,0,0,0,0,0,0,0,0,1,0,0
54990,8,512,1,15.6,1920.0,1080.0,1,12.0,0,1,0,0,0,0,1,0,0,0,0,0,0,0,0,1,0,0,0,0,0,0,0,0,0,0
49990,8,512,1,15.6,1920.0,1080.0,1,7.0,1,0,0,0,0,0,0,0,0,0,0,0,0,1,0,0,0,1,0,0,0,0,0,0,0,0
80739,16,512,1,16.0,1920.0,1200.0,1,13.0,0,1,0,0,0,0,0,0,0,0,0,1,0,0,0,0,0,0,0,0,1,0,0,0,0,0
62990,16,512,1,15.6,1920.0,1080.0,1,12.0,0,1,0,0,0,0,0,0,1,0,0,0,0,0,0,0,0,1,0,0,0,0,0,0,0,0
62990,8,512,1,15.6,1920.0,1080.0,1,12.0,0,1,0,0,0,0,1,0,0,0,0,0,0,0,0,1,0,0,0,0,0,0,0,0,0,0
69501,16,512,1,15.6,1920.0,1080.0,1,7.0,1,0,0,0,1,0,0,0,0,0,0,0,0,0,0,1,0,0,0,0,0,0,0,0,0,0
59990,16,512,1,14.0,1920.0,1080.0,1,12.0,0,1,0,0,0,0,1,0,0,0,0,0,0,0,0,0,0,1,0,0,0,0,0,0,0,0
54990,8,512,1,15.6,1920.0,1080.0,1,7.0,1,0,0,0,1,0,0,0,0,0,0,0,0,0,0,1,0,0,0,0,0,0,0,0,0,0
64990,16,512,1,15.6,1920.0,1080.0,1,12.0,0,1,0,0,0,0,1,0,0,0,0,0,0,0,0,0,0,1,0,0,0,0,0,0,0,0
37729,16,512,1,15.6,1920.0,1080.0,1,12.0,0,1,0,0,0,1,0,0,0,0,0,0,0,0,0,0,0,0,0,0,0,0,0,1,0,0
50712,16,512,1,15.6,1920.0,1080.0,1,5.0,1,0,0,0,1,0,0,0,0,0,0,0,0,0,0,0,0,1,0,0,0,0,0,0,0,0
44990,16,512,1,14.0,1920.0,1080.0,1,11.0,0,1,0,0,0,0,1,0,0,0,0,0,0,0,0,0,0,0,0,0,0,0,0,1,0,0
23990,8,512,1,14.0,1920.0,1200.0,1,10.0,0,1,0,0,0,1,0,0,0,0,0,0,0,0,0,0,0,0,0,0,0,0,1,0,0,0
49990,16,512,1,15.6,1920.0,1080.0,1,5.0,1,0,0,0,0,0,0,0,0,0,0,0,0,1,0,1,0,0,0,0,0,0,0,0,0,0
72990,16,512,1,15.6,1920.0,1080.0,1,13.0,0,1,0,0,0,0,1,0,0,0,0,0,0,0,0,1,0,0,0,0,0,0,0,0,0,0
52101,16,512,1,15.6,1920.0,1080.0,1,11.0,0,1,0,0,0,0,0,0,1,0,0,0,0,0,0,0,0,1,0,0,0,0,0,0,0,0
28990,8,512,1,14.0,1920.0,1080.0,1,11.0,0,1,0,0,0,1,0,0,0,0,0,0,0,0,0,0,0,0,0,0,0,0,0,0,1,0
69490,16,512,1,15.6,1920.0,1080.0,1,12.0,0,1,0,0,0,0,0,0,1,0,0,0,0,0,0,1,0,0,0,0,0,0,0,0,0,0
39965,8,512,1,15.6,1920.0,1080.0,1,13.0,0,1,0,0,0,1,0,0,0,0,0,0,0,0,0,0,1,0,0,0,0,0,0,0,0,0
54990,16,512,1,14.0,1920.0,1080.0,1,13.0,0,1,0,0,0,0,1,0,0,0,0,0,0,0,0,0,1,0,0,0,0,0,0,0,0,0
46999,8,512,1,15.6,1920.0,1080.0,1,12.0,0,1,0,0,0,0,1,0,0,0,0,0,0,0,0,0,0,0,0,0,1,0,0,0,0,0
83990,16,512,1,15.6,2880.0,1620.0,1,13.0,0,1,0,0,0,0,1,0,0,0,0,0,0,0,0,0,0,0,0,0,1,0,0,0,0,0
51499,8,512,1,15.6,1920.0,1080.0,1,5.0,1,0,0,0,1,0,0,0,0,0,0,0,0,0,0,1,0,0,0,0,0,0,0,0,0,0
50990,16,512,1,14.0,1920.0,1080.0,1,5.0,1,0,0,0,1,0,0,0,0,0,0,0,0,0,0,0,0,0,0,1,0,0,0,0,0,0
23990,4,128,0,15.6,1366.0,768.0,1,0.0,0,1,0,0,0,0,0,0,0,1,0,0,0,0,0,1,0,0,0,0,0,0,0,0,0,0
27990,8,512,1,15.6,1920.0,1080.0,1,7.0,1,0,0,0,0,0,0,0,0,0,1,0,0,0,0,0,1,0,0,0,0,0,0,0,0,0
79990,16,1024,1,14.0,1920.0,1080.0,1,13.0,0,1,0,0,0,0,1,0,0,0,0,0,0,0,0,1,0,0,0,0,0,0,0,0,0,0
84390,16,512,1,15.6,1920.0,1080.0,1,13.0,0,1,0,0,0,0,0,0,1,0,0,0,0,0,0,0,0,0,0,0,0,1,0,0,0,0
24990,8,256,1,15.6,1920.0,1080.0,1,10.0,0,1,0,0,0,1,0,0,0,0,0,0,0,0,0,0,0,0,0,0,0,0,0,0,1,0
281990,32,1024,1,16.0,2880.0,1800.0,1,13.0,0,1,0,0,0,0,0,0,0,0,0,1,0,0,0,0,0,0,0,0,0,1,0,0,0,0
26590,8,512,1,15.6,1366.0,768.0,1,0.0,1,0,0,0,0,0,0,0,0,1,0,0,0,0,0,0,0,1,0,0,0,0,0,0,0,0
37990,16,1024,1,14.0,1920.0,1080.0,1,11.0,0,1,0,0,0,0,1,0,0,0,0,0,0,0,0,0,0,0,0,0,0,0,0,0,1,0
71189,16,512,1,15.6,1920.0,1080.0,1,6.0,1,0,0,0,0,0,0,0,0,0,0,0,0,1,0,0,0,0,0,0,1,0,0,0,0,0
85999,16,512,1,16.1,1920.0,1080.0,1,7.0,1,0,0,0,0,0,0,0,0,0,0,0,0,1,0,1,0,0,0,0,0,0,0,0,0,0
93990,16,1024,1,14.0,2880.0,1800.0,1,7.0,1,0,0,0,0,0,0,0,0,0,0,0,0,1,0,0,0,1,0,0,0,0,0,0,0,0
84990,16,512,1,14.0,3840.0,2400.0,1,12.0,0,1,0,0,0,0,1,0,0,0,0,0,0,0,0,0,0,0,0,0,1,0,0,0,0,0
44190,8,1024,1,15.6,1920.0,1080.0,1,13.0,0,1,0,0,0,1,0,0,0,0,0,0,0,0,0,0,0,0,0,1,0,0,0,0,0,0
159990,16,1024,1,16.0,2560.0,1600.0,1,13.0,0,1,0,0,0,0,0,0,0,0,0,1,0,0,0,0,1,0,0,0,0,0,0,0,0,0
52990,16,512,1,15.6,1920.0,1080.0,1,5.0,1,0,0,0,1,0,0,0,0,0,0,0,0,0,0,1,0,0,0,0,0,0,0,0,0,0
39990,8,512,1,15.6,1920.0,1080.0,1,11.0,0,1,0,0,0,0,1,0,0,0,0,0,0,0,0,0,1,0,0,0,0,0,0,0,0,0
73990,16,1024,1,14.0,1920.0,1200.0,1,13.0,0,1,0,0,0,0,1,0,0,0,0,0,0,0,0,0,0,0,0,1,0,0,0,0,0,0
57500,16,512,1,15.6,1920.0,1080.0,1,11.0,0,1,0,0,0,0,1,0,0,0,0,0,0,0,0,0,0,1,0,0,0,0,0,0,0,0
59990,8,512,1,15.6,1920.0,1080.0,1,5.0,1,0,0,0,1,0,0,0,0,0,0,0,0,0,0,0,0,0,0,0,1,0,0,0,0,0
53990,16,512,1,15.6,1920.0,1080.0,1,12.0,0,1,0,0,0,0,1,0,0,0,0,0,0,0,0,0,1,0,0,0,0,0,0,0,0,0
33990,8,512,1,14.0,1920.0,1080.0,1,11.0,0,1,0,0,0,1,0,0,0,0,0,0,0,0,0,0,0,0,0,0,1,0,0,0,0,0
75990,16,512,1,16.0,2560.0,1600.0,1,13.0,0,1,0,0,0,0,1,0,0,0,0,0,0,0,0,0,0,0,0,1,0,0,0,0,0,0
144990,8,512,1,15.3,2880.0,1864.0,1,0.0,0,0,1,0,0,0,0,0,0,0,0,0,1,0,0,0,0,0,1,0,0,0,0,0,0,0
60539,16,512,1,15.6,1920.0,1080.0,1,12.0,0,1,0,0,0,0,1,0,0,0,0,0,0,0,0,0,0,0,0,0,1,0,0,0,0,0
56990,16,512,1,15.6,1920.0,1080.0,1,5.0,1,0,0,0,0,0,0,0,0,0,0,0,0,1,0,0,0,0,0,0,1,0,0,0,0,0
75533,16,512,1,15.6,1920.0,1080.0,1,13.0,0,1,0,0,0,0,1,0,0,0,0,0,0,0,0,1,0,0,0,0,0,0,0,0,0,0
74990,8,512,1,15.6,1920.0,1080.0,1,13.0,0,1,0,0,0,0,1,0,0,0,0,0,0,0,0,0,0,0,0,1,0,0,0,0,0,0
94990,16,512,1,15.6,1920.0,1080.0,1,7.0,1,0,0,0,0,0,0,0,0,0,0,0,0,1,0,0,0,0,0,0,1,0,0,0,0,0
179990,16,1024,1,16.0,2560.0,1600.0,1,13.0,0,1,0,0,0,0,0,0,0,0,0,1,0,0,0,0,0,0,0,0,1,0,0,0,0,0
77990,16,512,1,16.0,1920.0,1200.0,1,12.0,0,1,0,0,0,0,1,0,0,0,0,0,0,0,0,0,0,0,0,0,1,0,0,0,0,0
37990,8,512,1,15.6,1920.0,1080.0,1,12.0,0,1,0,0,0,1,0,0,0,0,0,0,0,0,0,1,0,0,0,0,0,0,0,0,0,0
62990,16,512,1,15.6,1920.0,1080.0,1,13.0,0,1,0,0,0,0,1,0,0,0,0,0,0,0,0,1,0,0,0,0,0,0,0,0,0,0
129999,16,1024,1,16.0,2560.0,1600.0,1,13.0,0,1,0,0,0,0,0,0,1,0,0,0,0,0,0,0,1,0,0,0,0,0,0,0,0,0
52990,8,512,1,15.6,1920.0,1080.0,1,5.0,1,0,0,0,1,0,0,0,0,0,0,0,0,0,0,1,0,0,0,0,0,0,0,0,0,0
104990,16,512,1,16.0,1920.0,1200.0,1,13.0,0,1,0,0,0,0,0,0,1,0,0,0,0,0,0,0,1,0,0,0,0,0,0,0,0,0
47999,8,512,1,14.0,2160.0,1440.0,1,11.0,0,1,0,0,0,0,1,0,0,0,0,0,0,0,0,0,0,0,0,0,0,0,1,0,0,0
114499,16,1024,1,16.0,1920.0,1200.0,1,13.0,0,1,0,0,0,0,0,0,1,0,0,0,0,0,0,0,1,0,0,0,0,0,0,0,0,0
49990,8,512,1,15.6,1920.0,1080.0,1,12.0,0,1,0,0,0,1,0,0,0,0,0,0,0,0,0,1,0,0,0,0,0,0,0,0,0,0
39990,8,512,1,15.6,1920.0,1080.0,1,12.0,0,1,0,0,0,1,0,0,0,0,0,0,0,0,0,0,0,0,0,0,1,0,0,0,0,0
68990,16,512,1,15.6,1920.0,1080.0,1,7.0,1,0,0,0,1,0,0,0,0,0,0,0,0,0,0,0,1,0,0,0,0,0,0,0,0,0
79990,16,512,1,15.6,1920.0,1080.0,1,7.0,1,0,0,0,0,0,0,0,0,0,0,0,0,1,0,0,1,0,0,0,0,0,0,0,0,0
66490,16,512,1,15.6,1920.0,1080.0,2,11.0,0,1,0,0,0,0,0,0,1,0,0,0,0,0,0,0,0,0,0,0,0,0,0,1,0,0
69990,16,512,1,14.0,1920.0,1200.0,1,5.0,1,0,0,0,0,0,0,0,0,0,0,0,0,1,0,0,0,0,0,0,1,0,0,0,0,0
86490,16,512,1,15.6,2880.0,1620.0,1,13.0,0,1,0,0,0,0,1,0,0,0,0,0,0,0,0,0,0,0,0,0,1,0,0,0,0,0
32790,8,512,1,15.6,1920.0,1080.0,1,7.0,1,0,0,0,0,0,0,0,0,0,1,0,0,0,0,1,0,0,0,0,0,0,0,0,0,0
429990,32,2048,1,16.0,3840.0,2400.0,1,7.0,1,0,0,0,0,0,0,0,0,0,0,0,0,0,1,0,0,0,0,0,1,0,0,0,0,0
49990,16,512,1,14.0,1920.0,1080.0,1,5.0,1,0,0,0,1,0,0,0,0,0,0,0,0,0,0,0,0,0,0,1,0,0,0,0,0,0
43990,16,512,1,14.0,1920.0,1080.0,1,7.0,1,0,0,0,1,0,0,0,0,0,0,0,0,0,0,0,0,0,0,0,0,0,0,1,0,0
36990,8,512,1,14.0,1920.0,1080.0,1,11.0,0,1,0,0,0,0,1,0,0,0,0,0,0,0,0,0,0,0,0,0,0,0,0,1,0,0
102990,16,1024,1,15.6,1920.0,1080.0,2,12.0,0,1,0,0,0,0,0,0,1,0,0,0,0,0,0,0,0,0,0,0,0,0,0,1,0,0
29990,8,256,1,15.6,1920.0,1080.0,1,0.0,0,1,0,0,0,1,0,0,0,0,0,0,0,0,0,0,1,0,0,0,0,0,0,0,0,0
77889,16,1024,1,14.0,1920.0,1080.0,1,13.0,0,1,0,0,0,0,1,0,0,0,0,0,0,0,0,1,0,0,0,0,0,0,0,0,0,0
69990,8,512,1,15.6,1920.0,1080.0,1,13.0,0,1,0,0,0,0,1,0,0,0,0,0,0,0,0,0,0,0,0,0,0,1,0,0,0,0
138990,16,1024,1,15.6,1920.0,1080.0,1,13.0,0,1,0,0,0,0,0,0,1,0,0,0,0,0,0,0,0,0,0,0,0,1,0,0,0,0
51990,8,512,1,15.6,1920.0,1080.0,1,5.0,1,0,0,0,1,0,0,0,0,0,0,0,0,0,0,1,0,0,0,0,0,0,0,0,0,0
69990,8,512,1,14.0,1920.0,1080.0,1,13.0,0,1,0,0,0,0,1,0,0,0,0,0,0,0,0,0,0,0,0,0,0,1,0,0,0,0
72990,16,512,1,15.6,1920.0,1080.0,1,5.0,1,0,0,0,1,0,0,0,0,0,0,0,0,0,0,0,0,0,0,0,1,0,0,0,0,0
50400,16,512,1,16.0,1200.0,1920.0,1,5.0,1,0,0,0,1,0,0,0,0,0,0,0,0,0,0,0,0,0,0,0,1,0,0,0,0,0
108000,8,512,1,14.0,1366.0,768.0,1,12.0,0,1,0,0,0,0,1,0,0,0,0,0,0,0,0,0,0,0,0,1,0,0,0,0,0,0
50990,8,1024,0,15.6,1920.0,1080.0,1,12.0,0,1,0,0,0,0,1,0,0,0,0,0,0,0,0,0,0,0,0,1,0,0,0,0,0,0
47990,8,512,1,15.6,1920.0,1080.0,1,11.0,0,1,0,0,0,0,1,0,0,0,0,0,0,0,0,0,0,1,0,0,0,0,0,0,0,0
91990,16,512,1,16.1,1920.0,1080.0,1,6.0,1,0,0,0,0,0,0,0,0,0,0,0,0,1,0,1,0,0,0,0,0,0,0,0,0,0
25449,8,256,1,14.0,1366.0,768.0,1,3.0,1,0,0,0,0,0,0,0,0,0,1,0,0,0,0,0,1,0,0,0,0,0,0,0,0,0
33207,8,512,1,15.6,1920.0,1080.0,1,12.0,0,1,0,0,0,1,0,0,0,0,0,0,0,0,0,0,1,0,0,0,0,0,0,0,0,0
52990,8,512,1,15.6,1920.0,1080.0,1,12.0,0,1,0,0,0,0,1,0,0,0,0,0,0,0,0,1,0,0,0,0,0,0,0,0,0,0
42434,8,512,1,14.0,1920.0,1080.0,1,5.0,1,0,0,0,1,0,0,0,0,0,0,0,0,0,0,0,0,0,0,1,0,0,0,0,0,0
42200,8,1024,0,15.6,1920.0,1080.0,1,11.0,0,1,0,0,0,1,0,0,0,0,0,0,0,0,0,1,0,0,0,0,0,0,0,0,0,0
41990,16,512,1,15.6,1920.0,1080.0,1,5.0,1,0,0,0,1,0,0,0,0,0,0,0,0,0,0,1,0,0,0,0,0,0,0,0,0,0
80900,16,512,1,15.6,1920.0,1080.0,1,6.0,1,0,0,0,0,0,0,0,0,0,0,0,0,1,0,0,0,0,0,0,1,0,0,0,0,0
38990,8,512,1,15.6,1920.0,1080.0,1,11.0,0,1,0,0,0,1,0,0,0,0,0,0,0,0,0,0,0,0,0,0,1,0,0,0,0,0
135990,8,512,1,13.6,2560.0,1664.0,1,0.0,0,0,1,0,0,0,0,0,0,0,0,0,1,0,0,0,0,0,1,0,0,0,0,0,0,0
72490,16,512,1,15.6,1920.0,1080.0,1,12.0,0,1,0,0,0,0,1,0,0,0,0,0,0,0,0,0,0,0,0,0,1,0,0,0,0,0
72490,16,512,1,14.0,2880.0,1800.0,1,12.0,0,1,0,0,0,0,1,0,0,0,0,0,0,0,0,0,0,0,0,0,1,0,0,0,0,0
35990,8,512,1,15.56,1920.0,1080.0,1,11.0,0,1,0,0,0,1,0,0,0,0,0,0,0,0,0,0,0,0,0,1,0,0,0,0,0,0
45989,8,512,1,15.6,3200.0,2000.0,1,11.0,0,1,0,0,0,0,1,0,0,0,0,0,0,0,0,0,0,0,0,0,0,0,1,0,0,0
52500,8,1024,0,15.6,1920.0,1080.0,1,11.0,0,1,0,0,0,0,1,0,0,0,0,0,0,0,0,0,0,0,0,1,0,0,0,0,0,0
59999,8,512,1,14.0,1366.0,768.0,1,10.0,0,1,0,0,0,0,1,0,0,0,0,0,0,0,0,0,0,0,0,1,0,0,0,0,0,0
112990,8,512,1,13.3,2560.0,1600.0,1,0.0,0,0,1,0,0,0,0,1,0,0,0,0,0,0,0,0,0,0,1,0,0,0,0,0,0,0
21990,8,512,1,14.0,1920.0,1080.0,1,3.0,1,0,0,0,1,0,0,0,0,0,0,0,0,0,0,0,0,0,0,0,0,0,1,0,0,0
201498,32,2048,1,16.0,3072.0,1920.0,1,9.0,0,1,0,0,0,0,0,0,0,0,0,1,0,0,0,0,0,0,1,0,0,0,0,0,0,0
64990,16,1024,1,15.6,1920.0,1080.0,1,12.0,0,1,0,0,0,0,1,0,0,0,0,0,0,0,0,1,0,0,0,0,0,0,0,0,0,0
68999,8,512,1,14.0,1920.0,1080.0,0,12.0,0,1,0,0,0,0,1,0,0,0,0,0,0,0,0,0,0,1,0,0,0,0,0,0,0,0
60990,8,512,1,15.6,1920.0,1080.0,1,7.0,1,0,0,0,1,0,0,0,0,0,0,0,0,0,0,0,0,1,0,0,0,0,0,0,0,0
40990,8,512,1,15.6,1920.0,1080.0,1,12.0,0,1,0,0,0,1,0,0,0,0,0,0,0,0,0,0,0,0,0,1,0,0,0,0,0,0
107690,16,512,1,15.6,1920.0,1080.0,1,7.0,1,0,0,0,0,0,0,0,0,0,0,0,0,1,0,0,0,1,0,0,0,0,0,0,0,0
25490,8,512,1,15.6,1920.0,1080.0,1,0.0,1,0,0,0,0,0,0,0,0,1,0,0,0,0,0,0,0,1,0,0,0,0,0,0,0,0
38999,8,512,1,15.6,1920.0,1080.0,1,12.0,0,1,0,0,0,1,0,0,0,0,0,0,0,0,0,1,0,0,0,0,0,0,0,0,0,0
59990,8,512,1,15.6,1920.0,1080.0,1,10.0,0,1,0,0,0,0,1,0,0,0,0,0,0,0,0,0,0,0,0,0,0,0,0,0,1,0
60990,8,512,1,15.6,1920.0,1080.0,1,12.0,0,1,0,0,0,0,1,0,0,0,0,0,0,0,0,1,0,0,0,0,0,0,0,0,0,0
55500,8,512,1,15.6,1920.0,1080.0,1,7.0,1,0,0,0,1,0,0,0,0,0,0,0,0,0,0,1,0,0,0,0,0,0,0,0,0,0
124999,16,1024,1,16.0,2560.0,1600.0,1,13.0,0,1,0,0,0,0,0,0,1,0,0,0,0,0,0,1,0,0,0,0,0,0,0,0,0,0
104990,16,1024,1,16.1,1920.0,1080.0,1,7.0,1,0,0,0,0,0,0,0,0,0,0,0,0,1,0,1,0,0,0,0,0,0,0,0,0,0
136990,16,1024,1,15.6,1920.0,1080.0,2,12.0,0,1,0,0,0,0,0,0,1,0,0,0,0,0,0,0,0,0,0,0,0,0,0,1,0,0
131990,16,1024,1,16.0,2560.0,1600.0,1,7.0,1,0,0,0,0,0,0,0,0,0,0,0,0,1,0,0,0,1,0,0,0,0,0,0,0,0
36490,8,512,1,14.0,1920.0,1080.0,1,11.0,0,1,0,0,0,1,0,0,0,0,0,0,0,0,0,0,0,1,0,0,0,0,0,0,0,0
188752,16,1024,1,13.4,2560.0,1600.0,1,7.0,1,0,0,0,0,0,0,0,0,0,0,0,0,0,1,0,0,0,0,0,1,0,0,0,0,0
36999,8,512,1,15.6,1366.0,768.0,1,12.0,0,1,0,0,0,1,0,0,0,0,0,0,0,0,0,1,0,0,0,0,0,0,0,0,0,0
92890,16,1024,1,14.0,2880.0,1800.0,1,13.0,0,1,0,0,0,0,1,0,0,0,0,0,0,0,0,0,0,1,0,0,0,0,0,0,0,0
57990,8,256,1,14.0,1920.0,1200.0,1,13.0,0,1,0,0,0,1,0,0,0,0,0,0,0,0,0,0,0,0,0,1,0,0,0,0,0,0
51999,8,512,1,15.6,1920.0,1080.0,1,12.0,0,1,0,0,0,0,1,0,0,0,0,0,0,0,0,1,0,0,0,0,0,0,0,0,0,0
79990,16,512,1,14.0,1920.0,1200.0,1,13.0,0,1,0,0,0,0,1,0,0,0,0,0,0,0,0,0,0,1,0,0,0,0,0,0,0,0
76890,16,512,1,14.0,1920.0,1200.0,1,13.0,0,1,0,0,0,0,1,0,0,0,0,0,0,0,0,0,0,1,0,0,0,0,0,0,0,0
37790,8,512,1,15.6,1920.0,1080.0,1,5.0,1,0,0,0,1,0,0,0,0,0,0,0,0,0,0,0,0,1,0,0,0,0,0,0,0,0
17990,8,128,1,11.6,1366.0,768.0,1,0.0,0,1,0,0,0,0,0,0,0,1,0,0,0,0,0,0,1,0,0,0,0,0,0,0,0,0
38990,8,512,1,15.6,1920.0,1080.0,1,12.0,0,1,0,0,0,1,0,0,0,0,0,0,0,0,0,1,0,0,0,0,0,0,0,0,0,0
41990,8,512,1,15.6,1920.0,1080.0,1,11.0,0,1,0,0,0,0,1,0,0,0,0,0,0,0,0,0,0,1,0,0,0,0,0,0,0,0
68990,16,512,1,14.0,1920.0,1200.0,2,13.0,0,1,0,0,0,0,1,0,0,0,0,0,0,0,0,0,0,1,0,0,0,0,0,0,0,0
69990,16,1024,1,14.0,1920.0,1080.0,1,12.0,0,1,0,0,0,0,1,0,0,0,0,0,0,0,0,1,0,0,0,0,0,0,0,0,0,0
56990,16,1024,1,14.0,1920.0,1080.0,1,11.0,0,1,0,0,0,0,0,0,1,0,0,0,0,0,0,0,1,0,0,0,0,0,0,0,0,0
89990,16,1024,1,15.6,1920.0,1080.0,1,6.0,1,0,0,0,0,0,0,0,0,0,0,0,0,1,0,0,0,0,0,0,1,0,0,0,0,0
62990,16,512,1,15.6,1920.0,1080.0,2,12.0,0,1,0,0,0,0,1,0,0,0,0,0,0,0,0,0,0,0,0,0,0,0,0,1,0,0
37990,8,512,1,15.6,1920.0,1080.0,1,12.0,0,1,0,0,0,1,0,0,0,0,0,0,0,0,0,0,0,1,0,0,0,0,0,0,0,0
58990,8,512,1,15.6,1920.0,1080.0,1,6.0,1,0,0,0,1,0,0,0,0,0,0,0,0,0,0,0,0,1,0,0,0,0,0,0,0,0
26990,8,512,1,15.6,1366.0,768.0,1,0.0,1,0,0,0,0,0,0,0,0,1,0,0,0,0,0,0,0,1,0,0,0,0,0,0,0,0
94990,16,1024,1,16.0,1920.0,1200.0,1,13.0,0,1,0,0,0,0,1,0,0,0,0,0,0,0,0,0,0,0,0,0,1,0,0,0,0,0
86189,16,512,1,17.3,1920.0,1080.0,1,6.0,1,0,0,0,0,0,0,0,0,0,0,0,0,1,0,0,0,0,0,0,1,0,0,0,0,0
37990,12,512,1,13.5,2256.0,1504.0,1,12.0,0,1,0,0,0,1,0,0,0,0,0,0,0,0,0,0,0,0,0,0,0,0,1,0,0,0
194990,16,1024,1,16.0,3200.0,2000.0,1,13.0,0,1,0,0,0,0,0,0,0,0,0,1,0,0,0,0,0,1,0,0,0,0,0,0,0,0
51990,8,512,1,15.6,1920.0,1080.0,1,11.0,0,1,0,0,0,0,1,0,0,0,0,0,0,0,0,0,0,1,0,0,0,0,0,0,0,0
31990,8,256,1,15.6,1920.0,1080.0,1,11.0,0,1,0,0,0,1,0,0,0,0,0,0,0,0,0,0,0,1,0,0,0,0,0,0,0,0
41990,8,512,1,15.6,1920.0,1080.0,1,13.0,0,1,0,0,0,1,0,0,0,0,0,0,0,0,0,0,1,0,0,0,0,0,0,0,0,0
31990,8,256,1,15.6,1920.0,1080.0,1,11.0,0,1,0,0,0,1,0,0,0,0,0,0,0,0,0,0,0,0,0,0,1,0,0,0,0,0
51390,16,512,1,15.6,1920.0,1080.0,1,12.0,0,1,0,0,0,0,1,0,0,0,0,0,0,0,0,0,0,0,0,0,1,0,0,0,0,0
76900,16,1024,1,15.6,1920.0,1080.0,1,13.0,0,1,0,0,0,0,1,0,0,0,0,0,0,0,0,1,0,0,0,0,0,0,0,0,0,0
27890,8,512,1,15.6,1366.0,768.0,1,0.0,0,1,0,0,0,0,0,0,0,1,0,0,0,0,0,1,0,0,0,0,0,0,0,0,0,0
56990,16,512,1,15.6,1920.0,1080.0,1,11.0,0,1,0,0,0,0,0,0,1,0,0,0,0,0,0,0,0,1,0,0,0,0,0,0,0,0
73990,16,1024,1,15.6,1920.0,1080.0,1,5.0,1,0,0,0,0,0,0,0,0,0,0,0,0,1,0,0,0,0,0,0,1,0,0,0,0,0
24999,8,512,1,15.6,1366.0,768.0,1,3.0,1,0,0,0,0,0,0,0,0,0,1,0,0,0,0,1,0,0,0,0,0,0,0,0,0,0
33999,8,256,1,15.6,1920.0,1080.0,1,5.0,1,0,0,0,1,0,0,0,0,0,0,0,0,0,0,1,0,0,0,0,0,0,0,0,0,0
61990,16,512,1,16.0,1920.0,1200.0,1,12.0,0,1,0,0,0,0,1,0,0,0,0,0,0,0,0,0,0,1,0,0,0,0,0,0,0,0
47990,8,512,1,15.6,1920.0,1080.0,1,5.0,1,0,0,0,1,0,0,0,0,0,0,0,0,0,0,1,0,0,0,0,0,0,0,0,0,0
53990,8,512,1,15.6,1920.0,1080.0,1,11.0,0,1,0,0,0,0,1,0,0,0,0,0,0,0,0,0,0,0,0,0,1,0,0,0,0,0
31890,8,512,1,15.6,1920.0,1080.0,1,3.0,1,0,0,0,0,0,0,0,0,0,1,0,0,0,0,1,0,0,0,0,0,0,0,0,0,0
62390,16,512,1,15.6,1920.0,1080.0,1,5.0,1,0,0,0,1,0,0,0,0,0,0,0,0,0,0,0,0,0,0,0,1,0,0,0,0,0
49990,16,512,1,14.0,1080.0,1920.0,1,11.0,0,1,0,0,0,0,0,0,1,0,0,0,0,0,0,0,0,0,0,0,0,0,1,0,0,0
29990,8,256,1,15.6,1080.0,1920.0,1,11.0,0,1,0,0,0,1,0,0,0,0,0,0,0,0,0,0,0,0,0,0,0,0,1,0,0,0
49990,16,512,1,14.0,1920.0,1080.0,1,12.0,0,1,0,0,0,0,0,0,1,0,0,0,0,0,0,0,0,0,0,0,0,0,0,0,1,0
43490,8,512,1,14.0,1920.0,1080.0,1,13.0,0,1,0,0,0,1,0,0,0,0,0,0,0,0,0,0,0,0,0,1,0,0,0,0,0,0
95640,16,1024,1,14.0,1920.0,1200.0,1,13.0,0,1,0,0,0,0,1,0,0,0,0,0,0,0,0,0,0,0,0,1,0,0,0,0,0,0
125990,16,1024,1,16.0,1920.0,1080.0,1,7.0,1,0,0,0,0,0,0,0,0,0,0,0,0,1,0,1,0,0,0,0,0,0,0,0,0,0
72990,16,1024,1,15.6,1920.0,1080.0,1,13.0,0,1,0,0,0,0,1,0,0,0,0,0,0,0,0,1,0,0,0,0,0,0,0,0,0,0
47990,8,512,1,15.6,1920.0,1080.0,2,11.0,0,1,0,0,0,0,1,0,0,0,0,0,0,0,0,0,0,0,0,0,0,0,0,1,0,0
99999,16,512,1,15.6,1920.0,1080.0,1,13.0,0,1,0,0,0,0,1,0,0,0,0,0,0,0,0,1,0,0,0,0,0,0,0,0,0,0
40990,8,512,1,15.6,1920.0,1080.0,1,12.0,0,1,0,0,0,1,0,0,0,0,0,0,0,0,0,0,0,0,0,0,1,0,0,0,0,0
94990,16,512,1,14.0,3840.0,2400.0,1,12.0,0,1,0,0,0,0,0,0,1,0,0,0,0,0,0,0,0,0,0,0,1,0,0,0,0,0
37990,8,512,1,15.6,1920.0,1080.0,1,11.0,0,1,0,0,0,1,0,0,0,0,0,0,0,0,0,0,0,0,0,0,1,0,0,0,0,0
73990,16,512,1,15.6,1920.0,1080.0,1,12.0,0,1,0,0,0,0,1,0,0,0,0,0,0,0,0,0,0,1,0,0,0,0,0,0,0,0
109990,16,512,1,15.6,1920.0,1080.0,1,7.0,1,0,0,0,0,0,0,0,0,0,0,0,0,1,0,0,0,1,0,0,0,0,0,0,0,0
65999,8,512,1,15.6,1920.0,1080.0,1,12.0,0,1,0,0,0,0,1,0,0,0,0,0,0,0,0,0,1,0,0,0,0,0,0,0,0,0
35990,8,512,1,15.6,1920.0,1080.0,1,5.0,1,0,0,0,1,0,0,0,0,0,0,0,0,0,0,0,1,0,0,0,0,0,0,0,0,0
37980,8,512,1,15.6,1920.0,1080.0,1,12.0,0,1,0,0,0,1,0,0,0,0,0,0,0,0,0,0,0,0,0,0,1,0,0,0,0,0
40789,16,512,1,15.6,1920.0,1080.0,1,11.0,0,1,0,0,0,0,1,0,0,0,0,0,0,0,0,0,0,0,0,0,0,0,0,1,0,0
450039,64,1024,1,18.0,3200.0,1800.0,1,13.0,0,1,0,0,0,0,0,0,0,0,0,1,0,0,0,0,0,0,0,1,0,0,0,0,0,0
89990,16,1024,1,14.0,2880.0,1800.0,1,12.0,0,1,0,0,0,0,0,0,1,0,0,0,0,0,0,0,0,0,0,0,1,0,0,0,0,0
56990,16,512,1,15.6,1920.0,1080.0,1,13.0,0,1,0,0,0,0,1,0,0,0,0,0,0,0,0,0,1,0,0,0,0,0,0,0,0,0
16990,4,128,1,14.1,1920.0,1080.0,1,0.0,0,1,0,0,0,0,0,0,0,1,0,0,0,0,0,0,0,0,0,0,0,0,1,0,0,0
54990,8,512,1,14.0,2880.0,1800.0,1,12.0,0,1,0,0,0,0,1,0,0,0,0,0,0,0,0,0,1,0,0,0,0,0,0,0,0,0
67000,8,1024,1,14.0,1920.0,1200.0,1,13.0,0,1,0,0,0,0,1,0,0,0,0,0,0,0,0,0,0,0,0,1,0,0,0,0,0,0
34499,8,512,1,15.6,1920.0,1080.0,1,7.0,1,0,0,0,0,0,0,0,0,0,1,0,0,0,0,0,0,1,0,0,0,0,0,0,0,0
107763,16,512,1,14.0,2880.0,1800.0,1,13.0,0,1,0,0,0,0,0,0,1,0,0,0,0,0,0,1,0,0,0,0,0,0,0,0,0,0
61490,8,1024,1,14.0,1920.0,1200.0,1,13.0,0,1,0,0,0,1,0,0,0,0,0,0,0,0,0,0,0,0,0,1,0,0,0,0,0,0
80490,16,512,1,14.0,2240.0,1400.0,1,13.0,0,1,0,0,0,0,1,0,0,0,0,0,0,0,0,1,0,0,0,0,0,0,0,0,0,0
57990,16,512,1,15.6,1920.0,1080.0,1,7.0,1,0,0,0,1,0,0,0,0,0,0,0,0,0,0,0,0,1,0,0,0,0,0,0,0,0
39990,16,512,1,14.0,1920.0,1080.0,1,11.0,0,1,0,0,0,0,1,0,0,0,0,0,0,0,0,0,0,0,0,0,0,0,0,1,0,0
53990,8,512,1,14.0,1920.0,1080.0,1,12.0,0,1,0,0,0,1,0,0,0,0,0,0,0,0,0,0,0,1,0,0,0,0,0,0,0,0
44500,8,512,1,15.6,1920.0,1080.0,1,7.0,1,0,0,0,1,0,0,0,0,0,0,0,0,0,0,0,0,0,0,1,0,0,0,0,0,0
48999,16,512,1,14.0,1920.0,1080.0,1,7.0,1,0,0,0,1,0,0,0,0,0,0,0,0,0,0,1,0,0,0,0,0,0,0,0,0,0
116990,16,1024,1,15.6,1920.0,1080.0,1,13.0,0,1,0,0,0,0,0,0,1,0,0,0,0,0,0,1,0,0,0,0,0,0,0,0,0,0
30990,8,512,1,15.6,1920.0,1080.0,1,7.0,1,0,0,0,0,0,0,0,0,0,1,0,0,0,0,0,1,0,0,0,0,0,0,0,0,0
33790,8,512,1,15.6,1920.0,1080.0,1,7.0,1,0,0,0,0,0,0,0,0,0,1,0,0,0,0,0,0,1,0,0,0,0,0,0,0,0
51990,16,512,1,15.6,1920.0,1080.0,2,11.0,0,1,0,0,0,0,1,0,0,0,0,0,0,0,0,0,0,0,0,0,0,0,0,1,0,0
45990,8,512,1,15.6,1920.0,1080.0,1,12.0,0,1,0,0,0,0,1,0,0,0,0,0,0,0,0,0,0,0,0,0,1,0,0,0,0,0
51990,8,512,1,15.6,1920.0,1080.0,2,11.0,0,1,0,0,0,0,1,0,0,0,0,0,0,0,0,0,0,0,0,0,0,0,0,1,0,0
34099,8,512,1,15.6,1920.0,1080.0,1,12.0,0,1,0,0,0,1,0,0,0,0,0,0,0,0,0,0,0,1,0,0,0,0,0,0,0,0
65600,16,512,1,15.6,1920.0,1080.0,1,7.0,1,0,0,0,0,0,0,0,0,0,0,0,0,1,0,1,0,0,0,0,0,0,0,0,0,0
27990,8,512,1,15.6,1920.0,1080.0,1,7.0,1,0,0,0,0,0,0,0,0,0,1,0,0,0,0,0,0,1,0,0,0,0,0,0,0,0
46990,8,512,1,14.0,1920.0,1080.0,1,12.0,0,1,0,0,0,0,1,0,0,0,0,0,0,0,0,0,0,1,0,0,0,0,0,0,0,0
161590,16,1024,1,16.0,2560.0,1600.0,1,13.0,0,1,0,0,0,0,0,0,1,0,0,0,0,0,0,0,0,0,0,1,0,0,0,0,0,0
98990,16,512,1,14.0,1920.0,1200.0,1,13.0,0,1,0,0,0,0,0,0,1,0,0,0,0,0,0,0,0,0,0,1,0,0,0,0,0,0
172990,32,1024,1,16.0,2560.0,1600.0,1,13.0,0,1,0,0,0,0,0,0,1,0,0,0,0,0,0,0,0,1,0,0,0,0,0,0,0,0
25990,8,256,1,14.0,1920.0,1080.0,1,11.0,0,1,0,0,0,1,0,0,0,0,0,0,0,0,0,0,1,0,0,0,0,0,0,0,0,0
61990,16,512,1,15.6,1920.0,1080.0,1,5.0,1,0,0,0,1,0,0,0,0,0,0,0,0,0,0,1,0,0,0,0,0,0,0,0,0,0
76990,16,1024,1,14.0,2880.0,1800.0,1,5.0,1,0,0,0,0,0,0,0,0,0,0,0,0,1,0,0,0,0,0,0,1,0,0,0,0,0
126790,16,512,1,15.6,1920.0,1080.0,1,13.0,0,1,0,0,0,0,0,0,1,0,0,0,0,0,0,0,0,0,0,1,0,0,0,0,0,0
209990,16,1024,1,13.4,2560.0,1600.0,1,13.0,0,1,0,0,0,0,0,0,0,0,0,1,0,0,0,0,0,0,0,0,1,0,0,0,0,0
209990,16,1024,1,16.0,2560.0,1600.0,1,13.0,0,1,0,0,0,0,0,0,0,0,0,1,0,0,0,0,0,0,0,0,1,0,0,0,0,0
142990,16,1024,1,16.0,1920.0,1200.0,1,13.0,0,1,0,0,0,0,0,0,1,0,0,0,0,0,0,0,0,0,0,0,1,0,0,0,0,0
156990,16,1024,1,15.6,2880.0,1620.0,1,13.0,0,1,0,0,0,0,0,0,0,0,0,1,0,0,0,0,0,0,0,0,1,0,0,0,0,0
93980,16,512,1,14.0,2880.0,1800.0,1,13.0,0,1,0,0,0,0,1,0,0,0,0,0,0,0,0,0,0,0,0,0,1,0,0,0,0,0
53990,8,512,1,17.3,1920.0,1080.0,1,11.0,0,1,0,0,0,0,1,0,0,0,0,0,0,0,0,0,0,0,0,0,1,0,0,0,0,0
51990,8,512,1,15.6,1920.0,1080.0,1,12.0,0,1,0,0,0,0,1,0,0,0,0,0,0,0,0,1,0,0,0,0,0,0,0,0,0,0
35990,16,512,1,15.6,1920.0,1080.0,1,11.0,0,1,0,0,0,1,0,0,0,0,0,0,0,0,0,0,0,0,0,0,1,0,0,0,0,0
37990,8,512,1,15.6,1920.0,1080.0,1,12.0,0,1,0,0,0,1,0,0,0,0,0,0,0,0,0,1,0,0,0,0,0,0,0,0,0,0
46490,16,512,1,15.6,1920.0,1080.0,1,7.0,1,0,0,0,1,0,0,0,0,0,0,0,0,0,0,1,0,0,0,0,0,0,0,0,0,0
90490,16,1024,1,15.6,1920.0,1080.0,1,13.0,0,1,0,0,0,0,0,0,1,0,0,0,0,0,0,1,0,0,0,0,0,0,0,0,0,0
55990,8,512,1,15.6,1920.0,1080.0,1,5.0,1,0,0,0,1,0,0,0,0,0,0,0,0,0,0,1,0,0,0,0,0,0,0,0,0,0
159990,16,1024,1,16.0,3200.0,2000.0,1,13.0,0,1,0,0,0,0,0,0,0,0,0,1,0,0,0,0,0,0,0,0,1,0,0,0,0,0
57990,8,512,1,15.6,1920.0,1080.0,1,13.0,0,1,0,0,0,0,1,0,0,0,0,0,0,0,0,1,0,0,0,0,0,0,0,0,0,0
104990,16,512,1,16.0,2560.0,1600.0,1,13.0,0,1,0,0,0,0,0,0,1,0,0,0,0,0,0,0,1,0,0,0,0,0,0,0,0,0
99990,16,512,1,16.0,1920.0,1200.0,1,13.0,0,1,0,0,0,0,1,0,0,0,0,0,0,0,0,0,1,0,0,0,0,0,0,0,0,0
80500,16,512,1,15.6,1920.0,1080.0,2,12.0,0,1,0,0,0,0,1,0,0,0,0,0,0,0,0,0,0,0,0,0,0,0,0,1,0,0
37990,8,512,1,14.0,1920.0,1080.0,1,5.0,1,0,0,0,1,0,0,0,0,0,0,0,0,0,0,0,0,0,0,1,0,0,0,0,0,0
34250,8,512,1,15.6,1920.0,1080.0,1,7.0,1,0,0,0,0,0,0,0,0,0,1,0,0,0,0,1,0,0,0,0,0,0,0,0,0,0
109990,16,512,1,15.6,1920.0,1080.0,1,13.0,0,1,0,0,0,0,0,0,1,0,0,0,0,0,0,1,0,0,0,0,0,0,0,0,0,0
33990,8,512,1,15.6,1366.0,768.0,1,11.0,0,1,0,0,0,1,0,0,0,0,0,0,0,0,0,1,0,0,0,0,0,0,0,0,0,0
79990,16,512,1,13.3,2880.0,1800.0,1,13.0,0,1,0,0,0,0,1,0,0,0,0,0,0,0,0,0,0,0,0,0,1,0,0,0,0,0
64990,16,512,1,15.6,1920.0,1080.0,1,13.0,0,1,0,0,0,0,1,0,0,0,0,0,0,0,0,0,0,0,0,0,1,0,0,0,0,0
109990,16,1024,1,15.6,2880.0,1620.0,1,13.0,0,1,0,0,0,0,0,0,0,0,0,1,0,0,0,0,0,0,0,0,1,0,0,0,0,0
62990,16,512,1,15.6,1920.0,1080.0,1,5.0,1,0,0,0,0,0,0,0,0,0,0,0,0,1,0,0,0,0,0,0,0,0,0,1,0,0
58999,16,512,1,14.0,1920.0,1200.0,1,13.0,0,1,0,0,0,0,1,0,0,0,0,0,0,0,0,0,0,0,0,0,0,0,1,0,0,0
420000,64,2048,1,17.3,3840.0,2160.0,2,13.0,0,1,0,0,0,0,0,0,0,0,0,1,0,0,0,0,0,0,0,0,0,0,0,1,0,0
23990,8,256,1,14.0,1920.0,1080.0,1,3.0,1,0,0,0,0,0,0,0,0,1,0,0,0,0,0,0,0,1,0,0,0,0,0,0,0,0
42999,8,512,1,15.6,1920.0,1080.0,1,7.0,1,0,0,0,1,0,0,0,0,0,0,0,0,0,0,1,0,0,0,0,0,0,0,0,0,0
38861,8,512,1,15.6,1920.0,1080.0,1,5.0,1,0,0,0,1,0,0,0,0,0,0,0,0,0,0,1,0,0,0,0,0,0,0,0,0,0
33590,8,512,1,15.6,1920.0,1080.0,1,12.0,0,1,0,0,0,1,0,0,0,0,0,0,0,0,0,0,0,1,0,0,0,0,0,0,0,0
15990,4,128,0,15.6,1366.0,768.0,1,0.0,0,1,0,0,0,0,0,0,0,1,0,0,0,0,0,1,0,0,0,0,0,0,0,0,0,0
33980,8,512,1,14.0,1920.0,1080.0,1,7.0,1,0,0,0,0,0,0,0,0,0,1,0,0,0,0,0,0,0,0,0,1,0,0,0,0,0
78400,8,512,1,15.6,1920.0,1080.0,1,7.0,1,0,0,0,1,0,0,0,0,0,0,0,0,0,0,0,1,0,0,0,0,0,0,0,0,0
79990,16,512,1,15.6,1920.0,1080.0,1,5.0,1,0,0,0,0,0,0,0,0,0,0,0,0,1,0,0,0,0,0,0,1,0,0,0,0,0
47990,12,512,1,15.6,1920.0,1080.0,1,12.0,0,1,0,0,0,0,1,0,0,0,0,0,0,0,0,0,1,0,0,0,0,0,0,0,0,0
74990,16,512,1,15.6,1920.0,1080.0,1,5.0,1,0,0,0,1,0,0,0,0,0,0,0,0,0,0,0,0,0,0,0,1,0,0,0,0,0
45889,8,512,1,15.6,1920.0,1080.0,1,13.0,0,1,0,0,0,0,1,0,0,0,0,0,0,0,0,0,0,0,0,0,0,0,0,1,0,0
90990,16,512,1,14.0,2880.0,1800.0,1,7.0,1,0,0,0,0,0,0,0,0,0,0,0,0,1,0,0,0,0,0,0,1,0,0,0,0,0
50990,8,512,1,15.6,1920.0,1080.0,1,7.0,1,0,0,0,1,0,0,0,0,0,0,0,0,0,0,0,0,0,0,0,1,0,0,0,0,0
74990,16,512,1,15.6,1920.0,1080.0,1,13.0,0,1,0,0,0,0,1,0,0,0,0,0,0,0,0,0,0,0,0,0,0,1,0,0,0,0
25990,8,512,1,15.6,1920.0,1080.0,1,10.0,0,1,0,0,0,1,0,0,0,0,0,0,0,0,0,0,0,0,0,0,0,0,0,0,1,0
133990,16,1024,1,13.3,1920.0,1080.0,1,13.0,0,1,0,0,0,0,0,0,1,0,0,0,0,0,0,0,0,0,0,0,0,1,0,0,0,0
165990,16,1024,1,16.0,2880.0,1800.0,1,13.0,0,1,0,0,0,0,0,0,1,0,0,0,0,0,0,0,0,0,0,0,0,1,0,0,0,0
163990,16,512,1,16.0,2880.0,1800.0,1,13.0,0,1,0,0,0,0,0,0,1,0,0,0,0,0,0,0,0,0,0,0,0,1,0,0,0,0
109990,16,512,1,13.3,1920.0,1080.0,1,13.0,0,1,0,0,0,0,0,0,1,0,0,0,0,0,0,0,0,0,0,0,0,1,0,0,0,0
139990,16,512,1,14.0,2880.0,1800.0,1,13.0,0,1,0,0,0,0,0,0,1,0,0,0,0,0,0,0,0,0,0,0,0,1,0,0,0,0
109990,16,512,1,13.3,1920.0,1080.0,1,13.0,0,1,0,0,0,0,1,0,0,0,0,0,0,0,0,0,0,0,0,0,0,1,0,0,0,0
149990,16,512,1,16.0,2880.0,1800.0,1,13.0,0,1,0,0,0,0,0,0,1,0,0,0,0,0,0,0,0,0,0,0,0,1,0,0,0,0
179990,16,1024,1,16.0,2880.0,1800.0,1,13.0,0,1,0,0,0,0,0,0,1,0,0,0,0,0,0,0,0,0,0,0,0,1,0,0,0,0
155990,16,512,1,16.0,2880.0,1800.0,1,13.0,0,1,0,0,0,0,1,0,0,0,0,0,0,0,0,0,0,0,0,0,0,1,0,0,0,0
229900,32,512,1,16.0,2880.0,1800.0,1,13.0,0,1,0,0,0,0,0,0,0,0,0,1,0,0,0,0,0,0,0,0,0,1,0,0,0,0
35990,8,512,1,15.6,1920.0,1080.0,1,5.0,1,0,0,0,1,0,0,0,0,0,0,0,0,0,0,0,0,1,0,0,0,0,0,0,0,0
37990,8,512,1,15.6,1920.0,1080.0,1,11.0,0,1,0,0,0,1,0,0,0,0,0,0,0,0,0,1,0,0,0,0,0,0,0,0,0,0
34999,8,512,1,14.0,1920.0,1080.0,1,11.0,0,1,0,0,0,1,0,0,0,0,0,0,0,0,0,1,0,0,0,0,0,0,0,0,0,0
290990,32,1024,1,14.2,3024.0,1964.0,1,0.0,0,0,1,0,0,0,0,0,0,0,0,0,1,0,0,0,0,0,1,0,0,0,0,0,0,0
234990,16,1024,1,14.2,3024.0,1964.0,1,0.0,0,0,1,0,0,0,0,0,0,0,0,0,1,0,0,0,0,0,1,0,0,0,0,0,0,0
82799,16,512,1,14.0,2880.0,1800.0,1,12.0,0,1,0,0,0,0,1,0,0,0,0,0,0,0,0,1,0,0,0,0,0,0,0,0,0,0
31790,8,256,1,14.0,1920.0,1080.0,1,5.0,1,0,0,0,0,0,0,0,0,0,1,0,0,0,0,0,0,0,0,1,0,0,0,0,0,0
60990,8,512,1,15.6,1920.0,1080.0,1,5.0,1,0,0,0,0,0,0,0,0,0,0,0,0,1,0,0,0,1,0,0,0,0,0,0,0,0
86990,16,1024,0,15.6,1920.0,1080.0,1,12.0,0,1,0,0,0,0,1,0,0,0,0,0,0,0,0,0,0,0,0,0,0,0,0,1,0,0
52990,16,512,1,14.0,1920.0,1080.0,1,11.0,0,1,0,0,0,0,1,0,0,0,0,0,0,0,0,0,0,0,0,1,0,0,0,0,0,0
38990,8,512,1,14.0,1920.0,1080.0,1,5.0,1,0,0,0,1,0,0,0,0,0,0,0,0,0,0,0,0,0,0,1,0,0,0,0,0,0
52558,16,512,1,15.6,1920.0,1080.0,1,7.0,1,0,0,0,1,0,0,0,0,0,0,0,0,0,0,0,0,0,0,0,1,0,0,0,0,0
31990,8,512,1,14.0,1920.0,1080.0,1,11.0,0,1,0,0,0,1,0,0,0,0,0,0,0,0,0,0,0,0,0,0,1,0,0,0,0,0
34499,8,512,1,15.6,1920.0,1080.0,1,7.0,1,0,0,0,0,0,0,0,0,0,1,0,0,0,0,1,0,0,0,0,0,0,0,0,0,0
94490,16,512,1,14.0,2880.0,1800.0,1,13.0,0,1,0,0,0,0,1,0,0,0,0,0,0,0,0,0,0,0,0,0,1,0,0,0,0,0
33800,8,512,1,15.6,1366.0,768.0,1,11.0,0,1,0,0,0,1,0,0,0,0,0,0,0,0,0,1,0,0,0,0,0,0,0,0,0,0
74390,16,512,1,15.6,1920.0,1080.0,1,13.0,0,1,0,0,0,0,1,0,0,0,0,0,0,0,0,0,0,0,0,0,0,1,0,0,0,0
104490,16,512,1,14.0,2880.0,1800.0,1,13.0,0,1,0,0,0,0,1,0,0,0,0,0,0,0,0,0,0,0,0,0,1,0,0,0,0,0
105739,16,1024,1,15.6,2880.0,1620.0,1,13.0,0,1,0,0,0,0,0,0,0,0,0,1,0,0,0,0,0,0,0,0,1,0,0,0,0,0
45500,8,512,1,15.6,1920.0,1080.0,1,12.0,0,1,0,0,0,1,0,0,0,0,0,0,0,0,0,0,0,1,0,0,0,0,0,0,0,0
50760,16,512,1,15.6,1920.0,1080.0,1,7.0,1,0,0,0,1,0,0,0,0,0,0,0,0,0,0,0,0,0,0,0,1,0,0,0,0,0
49990,16,512,1,14.0,1920.0,1080.0,1,7.0,1,0,0,0,1,0,0,0,0,0,0,0,0,0,0,0,0,0,0,0,1,0,0,0,0,0
33199,8,512,1,14.0,1920.0,1080.0,1,7.0,1,0,0,0,0,0,0,0,0,0,1,0,0,0,0,0,0,0,0,0,1,0,0,0,0,0
70990,16,512,1,15.6,1920.0,1080.0,1,5.0,1,0,0,0,0,0,0,0,0,0,0,0,0,1,0,0,0,0,0,0,1,0,0,0,0,0
64990,8,512,1,15.6,1920.0,1080.0,1,7.0,1,0,0,0,1,0,0,0,0,0,0,0,0,0,0,0,1,0,0,0,0,0,0,0,0,0
59990,16,512,1,16.0,1920.0,1200.0,1,7.0,1,0,0,0,1,0,0,0,0,0,0,0,0,0,0,0,0,0,0,0,1,0,0,0,0,0
88990,16,512,1,14.0,2880.0,1800.0,1,7.0,1,0,0,0,0,0,0,0,0,0,0,0,0,1,0,0,0,0,0,0,1,0,0,0,0,0
44990,8,512,1,15.6,1920.0,1080.0,1,7.0,1,0,0,0,1,0,0,0,0,0,0,0,0,0,0,0,0,0,0,0,1,0,0,0,0,0
77990,16,1024,1,13.3,1920.0,1200.0,1,7.0,1,0,0,0,0,0,0,0,0,0,0,0,0,1,0,1,0,0,0,0,0,0,0,0,0,0
70990,16,512,1,16.0,1920.0,1200.0,1,7.0,1,0,0,0,0,0,0,0,0,0,0,0,0,1,0,0,0,0,0,0,1,0,0,0,0,0
55990,8,512,1,15.6,1920.0,1080.0,1,5.0,1,0,0,0,1,0,0,0,0,0,0,0,0,0,0,0,0,1,0,0,0,0,0,0,0,0
43999,16,512,1,15.6,1920.0,1080.0,1,11.0,0,1,0,0,0,0,1,0,0,0,0,0,0,0,0,0,0,0,0,0,0,0,1,0,0,0
37990,8,512,1,15.6,1920.0,1080.0,1,7.0,1,0,0,0,1,0,0,0,0,0,0,0,0,0,0,0,1,0,0,0,0,0,0,0,0,0
64990,16,512,1,15.6,1920.0,1080.0,1,5.0,1,0,0,0,1,0,0,0,0,0,0,0,0,0,0,1,0,0,0,0,0,0,0,0,0,0
32990,8,512,1,15.6,1920.0,1080.0,1,0.0,1,0,0,0,0,0,0,0,0,0,1,0,0,0,0,0,0,1,0,0,0,0,0,0,0,0
179490,16,1024,1,16.0,2880.0,1800.0,1,13.0,0,1,0,0,0,0,0,0,1,0,0,0,0,0,0,0,0,0,0,0,0,1,0,0,0,0
56990,16,512,1,15.6,1920.0,1080.0,1,12.0,0,1,0,0,0,0,1,0,0,0,0,0,0,0,0,0,0,0,0,0,0,0,0,0,1,0
56990,8,512,1,16.1,1920.0,1080.0,1,11.0,0,1,0,0,0,0,1,0,0,0,0,0,0,0,0,1,0,0,0,0,0,0,0,0,0,0
34990,8,512,1,15.6,1920.0,1080.0,1,11.0,0,1,0,0,0,1,0,0,0,0,0,0,0,0,0,0,0,0,0,0,1,0,0,0,0,0
83249,16,512,1,14.0,2880.0,1800.0,1,12.0,0,1,0,0,0,0,1,0,0,0,0,0,0,0,0,1,0,0,0,0,0,0,0,0,0,0
57990,16,512,1,14.0,1920.0,1080.0,1,12.0,0,1,0,0,0,0,1,0,0,0,0,0,0,0,0,0,0,0,0,1,0,0,0,0,0,0
85490,16,512,1,13.4,1920.0,1200.0,1,12.0,0,1,0,0,0,0,1,0,0,0,0,0,0,0,0,1,0,0,0,0,0,0,0,0,0,0
55890,8,512,1,15.6,1920.0,1080.0,1,12.0,0,1,0,0,0,0,1,0,0,0,0,0,0,0,0,0,0,0,0,1,0,0,0,0,0,0
40689,8,512,1,15.6,1920.0,1080.0,1,12.0,0,1,0,0,0,1,0,0,0,0,0,0,0,0,0,0,0,0,0,0,1,0,0,0,0,0
48990,16,512,1,15.6,1920.0,1080.0,1,12.0,0,1,0,0,0,0,1,0,0,0,0,0,0,0,0,0,1,0,0,0,0,0,0,0,0,0
66648,16,512,1,14.0,1920.0,1080.0,1,12.0,0,1,0,0,0,0,1,0,0,0,0,0,0,0,0,1,0,0,0,0,0,0,0,0,0,0
36990,8,512,1,15.6,1920.0,1080.0,1,12.0,0,1,0,0,0,1,0,0,0,0,0,0,0,0,0,0,1,0,0,0,0,0,0,0,0,0
74990,16,512,1,15.6,1920.0,1080.0,2,12.0,0,1,0,0,0,0,1,0,0,0,0,0,0,0,0,0,0,0,0,0,0,0,1,0,0,0
144990,32,1024,1,16.0,2560.0,1600.0,1,12.0,0,1,0,0,0,0,0,0,1,0,0,0,0,0,0,0,0,1,0,0,0,0,0,0,0,0
118499,16,512,1,14.0,1920.0,1080.0,3,11.0,0,1,0,0,0,0,0,0,1,0,0,0,0,0,0,0,0,0,0,1,0,0,0,0,0,0
35490,8,512,1,15.6,1920.0,1080.0,1,5.0,1,0,0,0,1,0,0,0,0,0,0,0,0,0,0,0,0,1,0,0,0,0,0,0,0,0
62889,16,512,1,14.0,1920.0,1200.0,1,5.0,1,0,0,0,0,0,0,0,0,0,0,0,0,1,0,0,0,1,0,0,0,0,0,0,0,0
63999,8,512,1,15.6,1920.0,1080.0,1,5.0,1,0,0,0,1,0,0,0,0,0,0,0,0,0,0,0,0,1,0,0,0,0,0,0,0,0
41990,8,512,1,14.0,1920.0,1080.0,1,5.0,1,0,0,0,1,0,0,0,0,0,0,0,0,0,0,0,0,0,0,0,0,0,1,0,0,0
49990,8,512,1,14.0,1920.0,1080.0,1,12.0,0,1,0,0,0,1,0,0,0,0,0,0,0,0,0,0,0,0,0,0,1,0,0,0,0,0
54990,8,512,1,14.0,1920.0,1080.0,1,12.0,0,1,0,0,0,0,1,0,0,0,0,0,0,0,0,0,0,0,0,0,1,0,0,0,0,0
119990,16,512,1,16.0,1920.0,1200.0,1,12.0,0,1,0,0,0,0,0,0,1,0,0,0,0,0,0,0,0,1,0,0,0,0,0,0,0,0
85990,16,512,1,16.0,2560.0,1660.0,2,12.0,0,1,0,0,0,0,0,0,1,0,0,0,0,0,0,0,0,0,0,0,0,0,0,1,0,0
85590,16,1024,1,16.0,2560.0,1660.0,2,12.0,0,1,0,0,0,0,0,0,1,0,0,0,0,0,0,0,0,0,0,0,0,0,0,1,0,0
31990,8,512,1,15.6,1920.0,1080.0,1,5.0,1,0,0,0,0,0,0,0,0,0,1,0,0,0,0,0,0,1,0,0,0,0,0,0,0,0
55800,16,512,1,14.0,1920.0,1200.0,1,5.0,1,0,0,0,1,0,0,0,0,0,0,0,0,0,0,0,0,0,0,0,1,0,0,0,0,0
72422,16,512,1,14.0,2560.0,1600.0,1,12.0,0,1,0,0,0,0,1,0,0,0,0,0,0,0,0,0,0,0,0,0,0,0,1,0,0,0
31500,8,512,1,15.6,1920.0,1080.0,1,11.0,0,1,0,0,0,1,0,0,0,0,0,0,0,0,0,0,1,0,0,0,0,0,0,0,0,0
37990,8,512,1,14.0,1920.0,1080.0,1,11.0,0,1,0,0,0,1,0,0,0,0,0,0,0,0,0,0,0,0,0,0,1,0,0,0,0,0
63490,8,512,1,15.6,1920.0,1080.0,1,5.0,1,0,0,0,1,0,0,0,0,0,0,0,0,0,0,1,0,0,0,0,0,0,0,0,0,0
60990,16,512,1,15.6,1920.0,1080.0,1,12.0,0,1,0,0,0,0,1,0,0,0,0,0,0,0,0,0,0,1,0,0,0,0,0,0,0,0
39900,8,512,1,15.6,1920.0,1080.0,1,5.0,1,0,0,0,1,0,0,0,0,0,0,0,0,0,0,0,0,1,0,0,0,0,0,0,0,0
33990,8,512,1,15.6,1920.0,1080.0,1,11.0,0,1,0,0,0,1,0,0,0,0,0,0,0,0,0,0,0,0,0,0,1,0,0,0,0,0
57580,16,512,1,15.6,1920.0,1080.0,1,12.0,0,1,0,0,0,0,1,0,0,0,0,0,0,0,0,1,0,0,0,0,0,0,0,0,0,0
339990,32,2048,1,16.0,2560.0,1600.0,1,6.0,1,0,0,0,0,0,0,0,0,0,0,0,0,0,1,0,0,0,0,0,1,0,0,0,0,0
34999,8,512,1,15.6,1920.0,1080.0,1,11.0,0,1,0,0,0,1,0,0,0,0,0,0,0,0,0,1,0,0,0,0,0,0,0,0,0,0
54990,8,512,1,15.6,1920.0,1080.0,1,12.0,0,1,0,0,0,0,1,0,0,0,0,0,0,0,0,1,0,0,0,0,0,0,0,0,0,0
35999,8,1024,0,15.6,1920.0,1080.0,1,11.0,0,1,0,0,0,1,0,0,0,0,0,0,0,0,0,1,0,0,0,0,0,0,0,0,0,0
41710,8,1024,0,15.6,1920.0,1080.0,1,11.0,0,1,0,0,0,1,0,0,0,0,0,0,0,0,0,1,0,0,0,0,0,0,0,0,0,0
50090,8,512,1,16.0,1920.0,1200.0,1,5.0,1,0,0,0,1,0,0,0,0,0,0,0,0,0,0,0,0,0,0,1,0,0,0,0,0,0
45890,16,512,1,14.0,1920.0,1080.0,1,5.0,1,0,0,0,1,0,0,0,0,0,0,0,0,0,0,1,0,0,0,0,0,0,0,0,0,0
29990,8,512,1,15.6,1366.0,768.0,1,3.0,1,0,0,0,0,0,0,0,0,1,0,0,0,0,0,1,0,0,0,0,0,0,0,0,0,0
37672,8,512,1,15.6,1920.0,1080.0,1,11.0,0,1,0,0,0,1,0,0,0,0,0,0,0,0,0,1,0,0,0,0,0,0,0,0,0,0
83523,16,512,1,15.6,1920.0,1080.0,1,6.0,1,0,0,0,0,0,0,0,0,0,0,0,0,1,0,0,0,0,0,1,0,0,0,0,0,0
52128,8,512,1,15.6,1920.0,1080.0,1,12.0,0,1,0,0,0,0,1,0,0,0,0,0,0,0,0,0,1,0,0,0,0,0,0,0,0,0
39990,8,512,1,15.6,1920.0,1080.0,1,12.0,0,1,0,0,0,0,1,0,0,0,0,0,0,0,0,0,1,0,0,0,0,0,0,0,0,0
54790,8,512,1,15.6,1920.0,1080.0,1,5.0,1,0,0,0,0,0,0,0,0,0,0,0,0,1,0,0,0,0,0,1,0,0,0,0,0,0
147090,32,2048,1,16.0,2560.0,1600.0,1,12.0,0,1,0,0,0,0,0,0,1,0,0,0,0,0,0,0,1,0,0,0,0,0,0,0,0,0
67990,16,512,1,14.0,1920.0,1080.0,1,12.0,0,1,0,0,0,0,1,0,0,0,0,0,0,0,0,1,0,0,0,0,0,0,0,0,0,0
49290,8,512,1,15.6,1920.0,1080.0,2,11.0,0,1,0,0,0,0,1,0,0,0,0,0,0,0,0,0,0,0,0,0,0,0,0,1,0,0
51990,8,512,1,15.6,1920.0,1080.0,1,10.0,0,1,0,0,0,0,1,0,0,0,0,0,0,0,0,0,0,0,0,0,1,0,0,0,0,0
83149,16,1024,1,14.0,1920.0,1080.0,1,12.0,0,1,0,0,0,0,0,0,1,0,0,0,0,0,0,1,0,0,0,0,0,0,0,0,0,0
54999,8,512,1,15.6,1920.0,1080.0,1,12.0,0,1,0,0,0,0,1,0,0,0,0,0,0,0,0,1,0,0,0,0,0,0,0,0,0,0
74990,16,512,1,15.6,1920.0,1080.0,1,12.0,0,1,0,0,0,0,0,0,1,0,0,0,0,0,0,0,0,0,0,0,0,1,0,0,0,0
66990,16,512,1,15.6,1920.0,1080.0,1,5.0,1,0,0,0,0,0,0,0,0,0,0,0,0,1,0,0,0,1,0,0,0,0,0,0,0,0
61990,8,512,1,15.6,1920.0,1080.0,1,12.0,0,1,0,0,0,0,1,0,0,0,0,0,0,0,0,1,0,0,0,0,0,0,0,0,0,0
51573,8,512,1,14.0,1920.0,1080.0,1,5.0,1,0,0,0,1,0,0,0,0,0,0,0,0,0,0,1,0,0,0,0,0,0,0,0,0,0
31500,8,256,1,15.6,1920.0,1080.0,1,11.0,0,1,0,0,0,1,0,0,0,0,0,0,0,0,0,0,1,0,0,0,0,0,0,0,0,0
29000,4,256,1,15.6,1920.0,1080.0,1,11.0,0,1,0,0,0,1,0,0,0,0,0,0,0,0,0,0,1,0,0,0,0,0,0,0,0,0
32990,8,512,1,15.6,1920.0,1080.0,1,5.0,1,0,0,0,0,0,0,0,0,0,1,0,0,0,0,1,0,0,0,0,0,0,0,0,0,0
36990,8,512,1,15.6,1920.0,1080.0,1,5.0,1,0,0,0,1,0,0,0,0,0,0,0,0,0,0,0,0,1,0,0,0,0,0,0,0,0
239900,16,1024,1,14.2,3024.0,1964.0,1,0.0,0,0,1,0,0,0,0,1,0,0,0,0,0,0,0,0,0,0,1,0,0,0,0,0,0,0
309490,32,1024,1,16.2,3456.0,2234.0,1,0.0,0,0,1,0,0,0,0,1,0,0,0,0,0,0,0,0,0,0,1,0,0,0,0,0,0,0
49990,8,512,1,15.6,1920.0,1080.0,1,11.0,0,1,0,0,0,0,1,0,0,0,0,0,0,0,0,0,0,0,0,1,0,0,0,0,0,0
40250,8,1024,0,15.6,1920.0,1080.0,1,11.0,0,1,0,0,0,1,0,0,0,0,0,0,0,0,0,0,0,0,0,1,0,0,0,0,0,0
59990,16,512,1,15.6,1920.0,1080.0,1,10.0,0,1,0,0,0,0,0,0,1,0,0,0,0,0,0,0,0,0,0,0,1,0,0,0,0,0
57990,8,1024,0,15.6,1920.0,1080.0,1,11.0,0,1,0,0,0,0,1,0,0,0,0,0,0,0,0,0,0,0,0,1,0,0,0,0,0,0
36999,8,256,1,14.0,1440.0,2160.0,1,11.0,0,1,0,0,0,1,0,0,0,0,0,0,0,0,0,0,0,0,0,0,0,0,1,0,0,0
53990,16,512,1,15.6,3200.0,2000.0,1,5.0,1,0,0,0,1,0,0,0,0,0,0,0,0,0,0,0,0,0,0,0,0,0,1,0,0,0
48990,16,512,1,14.0,2560.0,1600.0,1,5.0,1,0,0,0,1,0,0,0,0,0,0,0,0,0,0,0,0,0,0,0,0,0,1,0,0,0
39990,8,512,1,14.0,1920.0,1080.0,2,11.0,0,1,0,0,0,0,1,0,0,0,0,0,0,0,0,0,0,0,0,0,0,0,1,0,0,0
37290,8,1024,0,15.6,1920.0,1080.0,1,3.0,1,0,0,0,0,0,0,0,0,0,1,0,0,0,0,1,0,0,0,0,0,0,0,0,0,0
60390,8,128,1,15.0,2496.0,1664.0,1,3.0,1,0,0,0,1,0,0,0,0,0,0,0,0,0,0,0,0,0,0,0,0,0,1,0,0,0
54999,8,256,1,15.6,1920.0,1080.0,1,3.0,1,0,0,0,1,0,0,0,0,0,0,0,0,0,0,0,0,0,0,0,0,0,1,0,0,0
90464,8,512,1,14.0,1920.0,1080.0,3,8.0,0,1,0,0,0,0,1,0,0,0,0,0,0,0,0,1,0,0,0,0,0,0,0,0,0,0
54490,8,512,1,14.0,1920.0,1080.0,1,8.0,0,1,0,0,0,0,1,0,0,0,0,0,0,0,0,0,1,0,0,0,0,0,0,0,0,0
199900,8,512,1,13.3,1600.0,2560.0,1,0.0,0,1,0,0,0,0,0,0,0,1,0,0,0,0,0,0,0,0,1,0,0,0,0,0,0,0
89999,8,256,1,13.3,1920.0,1080.0,1,11.0,0,1,0,0,0,0,1,0,0,0,0,0,0,0,0,0,0,0,0,1,0,0,0,0,0,0
260000,32,1024,1,14.1,2560.0,1600.0,1,12.0,0,1,0,0,0,0,0,0,1,0,0,0,0,0,0,0,0,0,0,1,0,0,0,0,0,0
45999,16,1024,1,15.6,1920.0,1080.0,1,11.0,0,1,0,0,0,0,1,0,0,0,0,0,0,0,0,0,1,0,0,0,0,0,0,0,0,0
106990,16,1024,1,16.0,1920.0,1200.0,3,12.0,0,1,0,0,0,0,0,0,1,0,0,0,0,0,0,0,0,1,0,0,0,0,0,0,0,0
221990,16,1024,1,14.0,1920.0,1200.0,1,13.0,0,1,0,0,0,0,0,0,1,0,0,0,0,0,0,0,0,1,0,0,0,0,0,0,0,0
146990,32,2048,1,16.0,2560.0,1600.0,1,12.0,0,1,0,0,0,0,0,0,1,0,0,0,0,0,0,0,1,0,0,0,0,0,0,0,0,0
52990,8,512,1,15.6,1920.0,1080.0,1,10.0,0,1,0,0,0,0,1,0,0,0,0,0,0,0,0,0,0,0,0,0,1,0,0,0,0,0
59990,8,512,1,14.0,2560.0,1440.0,1,12.0,0,1,0,0,0,0,1,0,0,0,0,0,0,0,0,0,1,0,0,0,0,0,0,0,0,0
52990,8,512,1,15.6,1920.0,1080.0,1,11.0,0,1,0,0,0,0,1,0,0,0,0,0,0,0,0,0,0,0,0,1,0,0,0,0,0,0
64490,16,512,1,15.6,1920.0,1080.0,1,12.0,0,1,0,0,0,0,1,0,0,0,0,0,0,0,0,0,0,0,0,0,0,1,0,0,0,0
78990,8,512,1,15.6,1920.0,1080.0,1,12.0,0,1,0,0,0,0,1,0,0,0,0,0,0,0,0,0,0,0,0,0,0,1,0,0,0,0
59900,8,512,1,15.6,1920.0,1080.0,1,12.0,0,1,0,0,0,0,1,0,0,0,0,0,0,0,0,0,0,0,0,0,0,1,0,0,0,0
55990,16,512,1,14.0,1920.0,1080.0,1,5.0,1,0,0,0,1,0,0,0,0,0,0,0,0,0,0,1,0,0,0,0,0,0,0,0,0,0
19990,4,256,1,15.6,1920.0,1080.0,1,0.0,0,1,0,0,0,0,0,0,0,1,0,0,0,0,0,0,0,1,0,0,0,0,0,0,0,0
47990,16,512,1,14.0,2160.0,1440.0,1,11.0,0,1,0,0,0,0,1,0,0,0,0,0,0,0,0,0,0,0,0,0,0,0,1,0,0,0
112990,16,512,1,13.3,1080.0,1920.0,1,12.0,0,1,0,0,0,0,0,0,1,0,0,0,0,0,0,0,0,0,0,0,0,1,0,0,0,0
101990,16,512,1,13.3,1080.0,1920.0,1,12.0,0,1,0,0,0,0,0,0,1,0,0,0,0,0,0,0,0,0,0,0,0,1,0,0,0,0
102990,16,512,1,13.3,1080.0,1920.0,1,12.0,0,1,0,0,0,0,1,0,0,0,0,0,0,0,0,0,0,0,0,0,0,1,0,0,0,0
33499,4,128,0,13.3,1920.0,1080.0,1,0.0,0,1,0,0,0,0,0,0,0,1,0,0,0,0,0,0,0,0,0,0,1,0,0,0,0,0
33999,8,512,1,15.6,1920.0,1080.0,1,5.0,1,0,0,0,0,0,0,0,0,0,1,0,0,0,0,1,0,0,0,0,0,0,0,0,0,0
215994,16,512,1,16.2,3456.0,2234.0,1,0.0,0,0,1,0,0,0,0,1,0,0,0,0,0,0,0,0,0,0,1,0,0,0,0,0,0,0
215994,16,1024,1,14.2,3024.0,1964.0,1,0.0,0,0,1,0,0,0,0,1,0,0,0,0,0,0,0,0,0,0,1,0,0,0,0,0,0,0
26500,4,1024,0,15.6,1920.0,1080.0,1,10.0,0,1,0,0,0,1,0,0,0,0,0,0,0,0,0,0,0,0,0,0,1,0,0,0,0,0
79990,16,512,1,15.6,2160.0,3456.0,1,11.0,0,1,0,0,0,0,1,0,0,0,0,0,0,0,0,0,0,0,0,0,0,0,1,0,0,0
68000,16,512,1,15.6,1920.0,1080.0,1,11.0,0,1,0,0,0,0,1,0,0,0,0,0,0,0,0,0,0,0,0,1,0,0,0,0,0,0
47925,8,512,1,15.6,1920.0,1080.0,1,11.0,0,1,0,0,0,0,1,0,0,0,0,0,0,0,0,0,0,1,0,0,0,0,0,0,0,0
59990,16,512,1,15.6,3200.0,2000.0,1,5.0,1,0,0,0,0,0,0,0,0,0,0,0,0,1,0,0,0,0,0,0,0,0,1,0,0,0
67800,8,512,1,14.0,1366.0,768.0,1,10.0,0,1,0,0,0,0,1,0,0,0,0,0,0,0,0,0,0,0,0,1,0,0,0,0,0,0
60490,8,128,1,15.0,2496.0,1664.0,1,3.0,1,0,0,0,1,0,0,0,0,0,0,0,0,0,0,0,0,0,0,0,0,0,1,0,0,0
72999,8,256,1,13.3,2560.0,1600.0,0,10.0,0,1,0,0,0,1,0,0,0,0,0,0,0,0,0,0,0,0,1,0,0,0,0,0,0,0
109999,8,512,1,13.3,2560.0,1600.0,0,10.0,0,1,0,0,0,0,0,0,1,0,0,0,0,0,0,0,0,0,1,0,0,0,0,0,0,0
87990,8,256,1,13.3,1920.0,1080.0,1,8.0,0,1,0,0,0,0,0,0,1,0,0,0,0,0,0,0,0,0,0,1,0,0,0,0,0,0
121900,16,512,1,15.6,3840.0,2160.0,0,9.0,0,1,0,0,0,0,0,0,1,0,0,0,0,0,0,1,0,0,0,0,0,0,0,0,0,0
136490,16,1024,1,15.6,3840.0,2160.0,1,8.0,0,1,0,0,0,0,0,0,0,0,0,1,0,0,0,0,0,0,0,0,1,0,0,0,0,0
143700,8,512,1,15.6,1920.0,1080.0,2,12.0,0,1,0,0,0,0,1,0,0,0,0,0,0,0,0,0,0,0,0,0,0,0,1,0,0,0
50490,16,512,1,15.6,1920.0,1080.0,1,5.0,1,0,0,0,0,0,0,0,0,0,0,0,0,1,0,1,0,0,0,0,0,0,0,0,0,0
71990,16,1024,1,15.6,1920.0,1080.0,1,13.0,0,1,0,0,0,0,1,0,0,0,0,0,0,0,0,0,0,0,0,1,0,0,0,0,0,0
136899,16,1024,1,15.6,1920.0,1080.0,1,13.0,0,1,0,0,0,0,0,0,1,0,0,0,0,0,0,0,0,0,0,1,0,0,0,0,0,0
62990,16,512,1,14.0,1920.0,1200.0,1,5.0,1,0,0,0,1,0,0,0,0,0,0,0,0,0,0,0,0,1,0,0,0,0,0,0,0,0
43990,8,512,1,14.0,1920.0,1080.0,1,7.0,1,0,0,0,1,0,0,0,0,0,0,0,0,0,0,0,0,0,0,0,1,0,0,0,0,0
33990,8,512,1,15.6,1920.0,1080.0,1,7.0,1,0,0,0,1,0,0,0,0,0,0,0,0,0,0,0,1,0,0,0,0,0,0,0,0,0
58990,16,1024,1,15.6,1920.0,1080.0,1,7.0,1,0,0,0,1,0,0,0,0,0,0,0,0,0,0,0,0,0,0,0,1,0,0,0,0,0
154990,16,1024,1,15.6,2560.0,1440.0,2,13.0,0,1,0,0,0,0,0,0,1,0,0,0,0,0,0,0,0,0,0,0,0,0,0,1,0,0
69990,16,1024,1,15.6,1920.0,1080.0,2,11.0,0,1,0,0,0,0,0,0,1,0,0,0,0,0,0,0,0,0,0,0,0,0,0,1,0,0
50000,8,512,1,14.0,1920.0,1080.0,3,11.0,0,1,0,0,0,1,0,0,0,0,0,0,0,0,0,0,0,1,0,0,0,0,0,0,0,0
36990,8,512,1,15.6,1920.0,1080.0,1,7.0,1,0,0,0,1,0,0,0,0,0,0,0,0,0,0,0,0,1,0,0,0,0,0,0,0,0
76500,16,512,1,15.6,1920.0,1080.0,1,7.0,1,0,0,0,0,0,0,0,0,0,0,0,0,1,0,0,0,0,0,0,1,0,0,0,0,0
33990,8,256,1,15.6,1920.0,1080.0,1,12.0,0,1,0,0,0,1,0,0,0,0,0,0,0,0,0,0,0,1,0,0,0,0,0,0,0,0
32990,8,512,1,15.6,1920.0,1080.0,1,7.0,1,0,0,0,0,0,0,0,0,0,1,0,0,0,0,0,0,1,0,0,0,0,0,0,0,0
103221,16,512,1,16.0,1920.0,1200.0,1,13.0,0,1,0,0,0,0,1,0,0,0,0,0,0,0,0,0,0,0,0,0,1,0,0,0,0,0
89990,16,512,1,16.0,1920.0,1200.0,1,12.0,0,1,0,0,0,0,1,0,0,0,0,0,0,0,0,0,0,0,0,0,1,0,0,0,0,0
56990,8,512,1,15.6,1920.0,1080.0,1,11.0,0,1,0,0,0,0,1,0,0,0,0,0,0,0,0,0,0,1,0,0,0,0,0,0,0,0
44980,16,512,1,14.0,1920.0,1080.0,1,7.0,1,0,0,0,1,0,0,0,0,0,0,0,0,0,0,0,0,0,0,0,1,0,0,0,0,0
23990,8,256,1,14.0,1920.0,1080.0,1,0.0,0,1,0,0,0,0,0,0,0,1,0,0,0,0,0,0,0,0,0,0,1,0,0,0,0,0
76990,16,512,1,15.6,1920.0,1080.0,1,5.0,1,0,0,0,0,0,0,0,0,0,0,0,0,1,0,0,0,0,0,0,1,0,0,0,0,0
26920,8,64,1,14.0,1080.0,1920.0,1,0.0,0,1,0,0,0,0,0,0,0,1,0,0,0,0,0,0,1,0,0,0,0,0,0,0,0,0
14490,4,256,1,14.1,1366.0,768.0,1,0.0,0,1,0,0,0,0,0,0,0,1,0,0,0,0,0,0,0,0,0,0,0,0,1,0,0,0
38990,8,512,1,15.6,1920.0,1080.0,1,11.0,0,1,0,0,0,1,0,0,0,0,0,0,0,0,0,0,0,0,0,1,0,0,0,0,0,0
52990,8,512,1,15.6,1920.0,1080.0,1,5.0,1,0,0,0,1,0,0,0,0,0,0,0,0,0,0,0,0,1,0,0,0,0,0,0,0,0
362999,32,1024,1,17.3,2560.0,1440.0,1,13.0,0,1,0,0,0,0,0,0,0,0,0,1,0,0,0,1,0,0,0,0,0,0,0,0,0,0
64990,16,512,1,15.6,1920.0,1080.0,1,13.0,0,1,0,0,0,0,1,0,0,0,0,0,0,0,0,0,1,0,0,0,0,0,0,0,0,0
62990,16,512,1,15.6,1920.0,1080.0,1,13.0,0,1,0,0,0,0,1,0,0,0,0,0,0,0,0,0,1,0,0,0,0,0,0,0,0,0
18990,8,256,1,11.6,1366.0,768.0,1,0.0,0,1,0,0,0,0,0,0,0,1,0,0,0,0,0,0,1,0,0,0,0,0,0,0,0,0
169999,16,512,1,16.1,2560.0,1600.0,1,13.0,0,1,0,0,0,0,0,0,1,0,0,0,0,0,0,1,0,0,0,0,0,0,0,0,0,0
189999,16,1024,1,16.1,2560.0,1600.0,1,13.0,0,1,0,0,0,0,0,0,1,0,0,0,0,0,0,1,0,0,0,0,0,0,0,0,0,0
298999,32,2048,1,16.1,2560.0,1600.0,1,13.0,0,1,0,0,0,0,0,0,0,0,0,1,0,0,0,1,0,0,0,0,0,0,0,0,0,0
99999,16,1024,1,14.0,2880.0,1800.0,1,7.0,1,0,0,0,0,0,0,0,0,0,0,0,0,1,0,1,0,0,0,0,0,0,0,0,0,0
267999,16,1024,1,17.3,2560.0,1440.0,1,13.0,0,1,0,0,0,0,0,0,1,0,0,0,0,0,0,1,0,0,0,0,0,0,0,0,0,0
108990,16,1024,1,16.0,2560.0,1600.0,3,13.0,0,1,0,0,0,0,0,0,1,0,0,0,0,0,0,0,0,1,0,0,0,0,0,0,0,0
51990,8,512,1,15.6,1920.0,1080.0,1,11.0,0,1,0,0,0,0,1,0,0,0,0,0,0,0,0,0,0,1,0,0,0,0,0,0,0,0
62608,16,512,1,17.3,1920.0,1080.0,1,11.0,0,1,0,0,0,0,1,0,0,0,0,0,0,0,0,0,0,0,0,0,1,0,0,0,0,0
57999,8,512,1,15.6,1920.0,1080.0,1,12.0,0,1,0,0,0,0,1,0,0,0,0,0,0,0,0,0,1,0,0,0,0,0,0,0,0,0
62990,8,512,1,14.0,1920.0,1080.0,1,13.0,0,1,0,0,0,0,1,0,0,0,0,0,0,0,0,0,0,0,0,1,0,0,0,0,0,0
71990,16,512,1,14.0,1920.0,1200.0,2,13.0,0,1,0,0,0,0,1,0,0,0,0,0,0,0,0,0,0,1,0,0,0,0,0,0,0,0
297990,32,1024,1,16.0,2560.0,1600.0,1,13.0,0,1,0,0,0,0,0,0,0,0,0,1,0,0,0,0,0,1,0,0,0,0,0,0,0,0
138490,16,1024,1,16.0,2560.0,1600.0,1,13.0,0,1,0,0,0,0,0,0,1,0,0,0,0,0,0,0,0,1,0,0,0,0,0,0,0,0
103395,16,512,1,16.0,2560.0,1600.0,1,5.0,1,0,0,0,0,0,0,0,0,0,0,0,0,1,0,0,0,1,0,0,0,0,0,0,0,0
88990,16,512,1,16.0,2560.0,1600.0,3,6.0,1,0,0,0,0,0,0,0,0,0,0,0,0,1,0,0,0,1,0,0,0,0,0,0,0,0
419990,64,2048,1,16.0,2560.0,1600.0,2,13.0,0,1,0,0,0,0,0,0,0,0,0,1,0,0,0,0,0,0,0,0,0,0,0,1,0,0
87990,16,512,1,14.0,1920.0,1200.0,1,13.0,0,1,0,0,0,0,0,0,1,0,0,0,0,0,0,0,0,1,0,0,0,0,0,0,0,0
48990,8,512,1,15.6,1920.0,1080.0,1,12.0,0,1,0,0,0,0,1,0,0,0,0,0,0,0,0,0,0,1,0,0,0,0,0,0,0,0
79990,16,512,1,15.6,1920.0,1080.0,1,7.0,1,0,0,0,0,0,0,0,0,0,0,0,0,1,0,0,0,0,0,0,0,0,0,1,0,0
33990,8,256,1,15.6,1920.0,1080.0,1,12.0,0,1,0,0,0,1,0,0,0,0,0,0,0,0,0,0,0,1,0,0,0,0,0,0,0,0
26990,8,512,1,14.0,1366.0,768.0,1,0.0,0,1,0,0,0,0,0,0,0,1,0,0,0,0,0,1,0,0,0,0,0,0,0,0,0,0
13990,4,64,0,11.6,1280.0,1024.0,1,0.0,0,1,0,0,0,0,0,0,0,1,0,0,0,0,0,0,1,0,0,0,0,0,0,0,0,0
49990,16,1024,1,14.0,1920.0,1080.0,1,11.0,0,1,0,0,0,0,0,0,1,0,0,0,0,0,0,0,1,0,0,0,0,0,0,0,0,0
59990,8,512,1,15.6,1920.0,1080.0,1,7.0,1,0,0,0,1,0,0,0,0,0,0,0,0,0,0,0,0,0,0,0,0,0,0,1,0,0
91990,16,1024,1,15.6,1920.0,1080.0,1,6.0,1,0,0,0,0,0,0,0,0,0,0,0,0,1,0,0,0,0,0,0,1,0,0,0,0,0
95689,16,1024,1,16.0,1920.0,1200.0,1,13.0,0,1,0,0,0,0,0,0,0,0,0,1,0,0,0,0,0,0,0,0,1,0,0,0,0,0
26732,8,128,1,14.0,1280.0,1024.0,1,0.0,0,1,0,0,0,0,0,0,0,1,0,0,0,0,0,0,1,0,0,0,0,0,0,0,0,0
89999,16,512,1,14.0,1920.0,1080.0,1,11.0,0,1,0,0,0,0,1,0,0,0,0,0,0,0,0,1,0,0,0,0,0,0,0,0,0,0
69990,16,1024,1,14.0,1920.0,1200.0,1,5.0,1,0,0,0,0,0,0,0,0,0,0,0,0,1,0,0,0,0,0,0,1,0,0,0,0,0
65391,16,1024,1,14.0,1920.0,1200.0,1,5.0,1,0,0,0,1,0,0,0,0,0,0,0,0,0,0,0,0,0,0,0,1,0,0,0,0,0
90000,16,512,1,14.0,1920.0,1080.0,1,4.0,1,0,0,0,0,0,0,0,0,0,0,0,0,1,0,0,0,1,0,0,0,0,0,0,0,0
38390,8,512,1,15.6,1920.0,1080.0,1,12.0,0,1,0,0,0,1,0,0,0,0,0,0,0,0,0,0,0,1,0,0,0,0,0,0,0,0
40990,8,512,1,15.6,1920.0,1080.0,1,7.0,1,0,0,0,1,0,0,0,0,0,0,0,0,0,0,0,0,1,0,0,0,0,0,0,0,0
50990,8,512,1,15.6,1920.0,1080.0,1,5.0,1,0,0,0,1,0,0,0,0,0,0,0,0,0,0,0,0,1,0,0,0,0,0,0,0,0
47990,8,512,1,15.6,1920.0,1080.0,1,11.0,0,1,0,0,0,0,1,0,0,0,0,0,0,0,0,0,0,0,0,1,0,0,0,0,0,0
59990,16,512,1,15.6,1920.0,1080.0,1,12.0,0,1,0,0,0,0,1,0,0,0,0,0,0,0,0,0,0,0,0,1,0,0,0,0,0,0
61990,8,512,1,15.6,1920.0,1080.0,1,13.0,0,1,0,0,0,0,1,0,0,0,0,0,0,0,0,0,0,0,0,1,0,0,0,0,0,0
31990,8,512,1,14.0,1920.0,1080.0,1,7.0,1,0,0,0,0,0,0,0,0,0,1,0,0,0,0,0,0,1,0,0,0,0,0,0,0,0
129990,32,1024,1,16.0,1920.0,1200.0,2,13.0,0,1,0,0,0,0,0,0,1,0,0,0,0,0,0,0,0,0,0,0,0,0,0,1,0,0
49989,8,512,1,15.6,1920.0,1080.0,1,12.0,0,1,0,0,0,0,1,0,0,0,0,0,0,0,0,0,0,1,0,0,0,0,0,0,0,0
42990,8,512,1,15.6,1920.0,1080.0,1,5.0,1,0,0,0,1,0,0,0,0,0,0,0,0,0,0,0,0,0,0,1,0,0,0,0,0,0
259990,32,1024,1,16.0,1920.0,1200.0,2,13.0,0,1,0,0,0,0,0,0,1,0,0,0,0,0,0,0,0,0,0,0,0,0,0,1,0,0
44690,8,512,1,15.6,1920.0,1080.0,1,13.0,0,1,0,0,0,1,0,0,0,0,0,0,0,0,0,0,0,1,0,0,0,0,0,0,0,0
61990,16,512,1,14.0,1920.0,1200.0,1,7.0,1,0,0,0,1,0,0,0,0,0,0,0,0,0,0,0,0,1,0,0,0,0,0,0,0,0
123300,16,1024,1,16.0,1920.0,1200.0,1,12.0,0,1,0,0,0,0,0,0,1,0,0,0,0,0,0,1,0,0,0,0,0,0,0,0,0,0
74499,16,1024,1,15.6,1920.0,1080.0,1,13.0,0,1,0,0,0,0,1,0,0,0,0,0,0,0,0,0,0,0,0,1,0,0,0,0,0,0
47990,8,512,1,15.6,1920.0,1080.0,1,11.0,0,1,0,0,0,0,1,0,0,0,0,0,0,0,0,0,0,1,0,0,0,0,0,0,0,0
85990,16,1024,1,13.3,1920.0,1200.0,1,7.0,1,0,0,0,0,0,0,0,0,0,0,0,0,1,0,0,0,1,0,0,0,0,0,0,0,0
61990,16,512,1,14.0,1920.0,1200.0,1,5.0,1,0,0,0,0,0,0,0,0,0,0,0,0,1,0,0,0,1,0,0,0,0,0,0,0,0
21990,8,256,1,14.1,1920.0,1080.0,1,10.0,0,1,0,0,0,1,0,0,0,0,0,0,0,0,0,0,0,0,0,0,0,0,1,0,0,0
49990,8,512,1,15.6,1920.0,1080.0,1,5.0,1,0,0,0,1,0,0,0,0,0,0,0,0,0,0,1,0,0,0,0,0,0,0,0,0,0
112990,16,512,1,16.0,1920.0,1200.0,1,7.0,1,0,0,0,0,0,0,0,0,0,0,0,0,1,0,0,0,1,0,0,0,0,0,0,0,0
127990,16,512,1,16.0,2560.0,1600.0,1,7.0,1,0,0,0,0,0,0,0,0,0,0,0,0,1,0,0,0,1,0,0,0,0,0,0,0,0
91590,16,512,1,14.0,1920.0,1080.0,1,13.0,0,1,0,0,0,0,0,0,1,0,0,0,0,0,0,1,0,0,0,0,0,0,0,0,0,0
103060,16,512,1,15.6,1920.0,1080.0,1,13.0,0,1,0,0,0,0,1,0,0,0,0,0,0,0,0,1,0,0,0,0,0,0,0,0,0,0
39600,8,512,1,15.6,1920.0,1080.0,1,7.0,1,0,0,0,0,0,0,0,0,0,1,0,0,0,0,1,0,0,0,0,0,0,0,0,0,0
137590,16,512,1,16.0,2560.0,1600.0,1,7.0,1,0,0,0,0,0,0,0,0,0,0,0,0,1,0,0,0,1,0,0,0,0,0,0,0,0
53980,16,512,1,16.0,1920.0,1080.0,1,7.0,1,0,0,0,0,0,0,0,0,0,0,0,0,1,0,0,0,1,0,0,0,0,0,0,0,0
54990,16,512,1,14.0,1920.0,1080.0,1,7.0,1,0,0,0,1,0,0,0,0,0,0,0,0,0,0,0,1,0,0,0,0,0,0,0,0,0
28099,8,512,1,15.6,1366.0,768.0,1,0.0,0,1,0,0,0,0,0,0,0,1,0,0,0,0,0,0,0,0,0,0,1,0,0,0,0,0
415000,16,1024,1,17.0,1920.0,2560.0,1,12.0,0,1,0,0,0,0,0,0,1,0,0,0,0,0,0,1,0,0,0,0,0,0,0,0,0,0
64990,16,512,1,13.3,1920.0,1080.0,2,13.0,0,1,0,0,0,0,1,0,0,0,0,0,0,0,0,0,0,0,0,0,0,0,1,0,0,0
84990,16,1024,1,13.3,1920.0,1080.0,2,13.0,0,1,0,0,0,0,0,0,1,0,0,0,0,0,0,0,0,0,0,0,0,0,1,0,0,0
52999,16,1024,1,15.6,1920.0,1080.0,1,11.0,0,1,0,0,0,0,0,0,1,0,0,0,0,0,0,0,0,0,0,0,0,0,1,0,0,0
34999,8,512,1,15.6,1920.0,1080.0,1,11.0,0,1,0,0,0,1,0,0,0,0,0,0,0,0,0,0,0,0,0,0,0,0,1,0,0,0
65990,16,1024,1,15.6,1920.0,1080.0,1,7.0,1,0,0,0,0,0,0,0,0,0,0,0,0,1,0,0,0,0,0,0,1,0,0,0,0,0
56990,8,512,1,15.6,1920.0,1080.0,1,7.0,1,0,0,0,1,0,0,0,0,0,0,0,0,0,0,1,0,0,0,0,0,0,0,0,0,0
88999,16,1024,1,15.6,1920.0,1080.0,1,11.0,0,1,0,0,0,0,1,0,0,0,0,0,0,0,0,0,0,1,0,0,0,0,0,0,0,0
35990,8,512,1,15.6,1920.0,1080.0,1,11.0,0,1,0,0,0,1,0,0,0,0,0,0,0,0,0,0,0,1,0,0,0,0,0,0,0,0
111490,16,512,1,14.0,2880.0,1800.0,1,13.0,0,1,0,0,0,0,0,0,1,0,0,0,0,0,0,0,0,1,0,0,0,0,0,0,0,0
50990,8,512,1,15.6,1366.0,768.0,1,12.0,0,1,0,0,0,0,1,0,0,0,0,0,0,0,0,1,0,0,0,0,0,0,0,0,0,0
89500,16,512,1,15.6,1920.0,1080.0,1,12.0,0,1,0,0,0,0,1,0,0,0,0,0,0,0,0,0,0,1,0,0,0,0,0,0,0,0
66388,16,512,1,14.0,1920.0,1200.0,1,7.0,1,0,0,0,1,0,0,0,0,0,0,0,0,0,0,0,0,1,0,0,0,0,0,0,0,0
66990,16,1024,1,15.6,1920.0,1080.0,1,5.0,1,0,0,0,1,0,0,0,0,0,0,0,0,0,0,0,0,0,0,0,1,0,0,0,0,0
74990,16,1024,1,15.6,1920.0,1080.0,1,5.0,1,0,0,0,0,0,0,0,0,0,0,0,0,1,0,0,0,0,0,0,1,0,0,0,0,0
26990,8,512,1,15.6,1366.0,768.0,1,3.0,1,0,0,0,0,0,0,0,0,0,1,0,0,0,0,1,0,0,0,0,0,0,0,0,0,0
65990,8,1024,1,15.6,1920.0,1080.0,1,13.0,0,1,0,0,0,0,1,0,0,0,0,0,0,0,0,0,0,0,0,1,0,0,0,0,0,0
87990,16,1024,1,16.0,1920.0,1200.0,1,12.0,0,1,0,0,0,0,0,0,1,0,0,0,0,0,0,0,0,0,0,0,1,0,0,0,0,0
36480,8,512,1,15.6,1920.0,1080.0,1,11.0,0,1,0,0,0,1,0,0,0,0,0,0,0,0,0,0,0,0,0,1,0,0,0,0,0,0
63989,8,1024,1,15.6,1920.0,1080.0,1,13.0,0,1,0,0,0,0,1,0,0,0,0,0,0,0,0,0,0,0,0,1,0,0,0,0,0,0
90990,16,1024,1,15.6,1920.0,1080.0,1,12.0,0,1,0,0,0,0,0,0,1,0,0,0,0,0,0,0,0,0,0,0,1,0,0,0,0,0
104990,16,512,1,16.0,1920.0,1200.0,1,12.0,0,1,0,0,0,0,0,0,1,0,0,0,0,0,0,0,0,0,0,0,1,0,0,0,0,0
64800,8,512,1,14.0,1366.0,768.0,1,12.0,0,1,0,0,0,0,1,0,0,0,0,0,0,0,0,1,0,0,0,0,0,0,0,0,0,0
27990,4,64,1,14.0,1920.0,1080.0,1,0.0,0,1,0,0,0,0,0,0,0,1,0,0,0,0,0,0,0,0,0,0,1,0,0,0,0,0
14990,4,128,1,14.0,1920.0,1080.0,1,0.0,0,1,0,0,0,0,0,0,0,1,0,0,0,0,0,0,0,0,0,0,1,0,0,0,0,0
22990,4,64,1,15.6,1920.0,1080.0,1,0.0,0,1,0,0,0,0,0,0,0,1,0,0,0,0,0,0,0,0,0,0,1,0,0,0,0,0
23990,4,128,1,15.6,1920.0,1080.0,1,0.0,0,1,0,0,0,0,0,0,0,1,0,0,0,0,0,0,0,0,0,0,1,0,0,0,0,0
42900,8,512,1,15.6,1366.0,768.0,1,12.0,0,1,0,0,0,1,0,0,0,0,0,0,0,0,0,1,0,0,0,0,0,0,0,0,0,0
130000,16,512,1,16.0,1920.0,1200.0,0,13.0,0,1,0,0,0,0,0,0,1,0,0,0,0,0,0,0,0,0,0,0,0,0,1,0,0,0
94990,8,512,1,15.6,1920.0,1080.0,2,12.0,0,1,0,0,0,0,1,0,0,0,0,0,0,0,0,0,0,0,0,0,0,0,1,0,0,0
57990,16,512,1,15.6,1920.0,1080.0,1,5.0,1,0,0,0,0,0,0,0,0,0,0,0,0,1,0,0,0,1,0,0,0,0,0,0,0,0
104222,16,512,1,16.0,1920.0,1200.0,1,12.0,0,1,0,0,0,0,0,0,1,0,0,0,0,0,0,0,0,0,0,0,1,0,0,0,0,0
69990,16,512,1,14.0,1920.0,1200.0,2,13.0,0,1,0,0,0,0,1,0,0,0,0,0,0,0,0,0,0,0,0,0,0,0,1,0,0,0
63990,16,512,1,14.0,1920.0,1200.0,1,7.0,1,0,0,0,0,0,0,0,0,0,0,0,0,1,0,0,0,1,0,0,0,0,0,0,0,0
48990,8,512,1,15.6,1920.0,1080.0,1,7.0,1,0,0,0,1,0,0,0,0,0,0,0,0,0,0,0,0,1,0,0,0,0,0,0,0,0
46990,8,512,1,15.6,1920.0,1080.0,1,12.0,0,1,0,0,0,0,1,0,0,0,0,0,0,0,0,0,0,1,0,0,0,0,0,0,0,0
55990,8,512,1,15.6,1920.0,1080.0,1,7.0,1,0,0,0,1,0,0,0,0,0,0,0,0,0,0,1,0,0,0,0,0,0,0,0,0,0
66990,16,512,1,16.0,1920.0,1200.0,1,12.0,0,1,0,0,0,0,1,0,0,0,0,0,0,0,0,0,0,0,0,0,1,0,0,0,0,0
89990,16,512,1,16.0,1920.0,1200.0,1,12.0,0,1,0,0,0,0,1,0,0,0,0,0,0,0,0,0,0,0,0,0,1,0,0,0,0,0
62990,16,512,1,15.6,1920.0,1080.0,2,11.0,0,1,0,0,0,0,1,0,0,0,0,0,0,0,0,0,0,0,0,0,0,0,0,1,0,0
85990,16,512,1,15.6,1920.0,1080.0,2,12.0,0,1,0,0,0,0,0,0,1,0,0,0,0,0,0,0,0,0,0,0,0,0,0,1,0,0
47100,8,512,1,15.6,1920.0,1080.0,1,12.0,0,1,0,0,0,1,0,0,0,0,0,0,0,0,0,0,0,1,0,0,0,0,0,0,0,0
91990,16,512,1,14.0,2880.0,1800.0,1,7.0,1,0,0,0,0,0,0,0,0,0,0,0,0,1,0,0,0,1,0,0,0,0,0,0,0,0
67990,16,512,1,15.6,1920.0,1080.0,1,5.0,1,0,0,0,1,0,0,0,0,0,0,0,0,0,0,0,0,0,0,0,1,0,0,0,0,0
39990,16,512,1,14.0,1366.0,768.0,1,5.0,1,0,0,0,1,0,0,0,0,0,0,0,0,0,0,0,1,0,0,0,0,0,0,0,0,0
36990,8,512,1,14.0,1366.0,768.0,1,5.0,1,0,0,0,1,0,0,0,0,0,0,0,0,0,0,0,1,0,0,0,0,0,0,0,0,0
33990,8,512,1,14.0,1920.0,1080.0,1,7.0,1,0,0,0,0,0,0,0,0,0,1,0,0,0,0,0,0,0,0,0,1,0,0,0,0,0
43800,8,512,1,14.0,1366.0,768.0,1,11.0,0,1,0,0,0,0,1,0,0,0,0,0,0,0,0,0,0,1,0,0,0,0,0,0,0,0
179490,32,1024,1,16.1,2560.0,1440.0,1,7.0,1,0,0,0,0,0,0,0,0,0,0,0,0,0,1,1,0,0,0,0,0,0,0,0,0,0
164990,16,1024,1,14.0,2880.0,1800.0,2,13.0,0,1,0,0,0,0,0,0,1,0,0,0,0,0,0,0,0,0,0,0,0,0,1,0,0,0
84990,16,1024,1,14.0,1920.0,1080.0,1,13.0,0,1,0,0,0,0,0,0,1,0,0,0,0,0,0,0,0,0,0,1,0,0,0,0,0,0
104990,16,1024,1,14.0,1920.0,1200.0,2,13.0,0,1,0,0,0,0,0,0,1,0,0,0,0,0,0,0,0,0,0,0,0,0,1,0,0,0
57990,16,512,1,15.6,1920.0,1080.0,1,11.0,0,1,0,0,0,0,1,0,0,0,0,0,0,0,0,0,0,0,0,0,1,0,0,0,0,0
58990,8,512,1,15.6,1920.0,1080.0,1,7.0,1,0,0,0,1,0,0,0,0,0,0,0,0,0,0,1,0,0,0,0,0,0,0,0,0,0
304990,32,1024,1,15.6,1920.0,1080.0,1,12.0,0,1,0,0,0,0,0,0,0,0,0,1,0,0,0,0,0,0,0,1,0,0,0,0,0,0
33990,8,512,1,14.0,1920.0,1080.0,1,7.0,1,0,0,0,0,0,0,0,0,0,1,0,0,0,0,0,0,0,0,0,1,0,0,0,0,0
28990,8,512,1,14.1,1920.0,1080.0,1,10.0,0,1,0,0,0,0,1,0,0,0,0,0,0,0,0,0,0,0,0,0,0,0,1,0,0,0
39900,8,512,1,14.0,1920.0,1200.0,1,0.0,0,1,0,0,0,1,0,0,0,0,0,0,0,0,0,0,1,0,0,0,0,0,0,0,0,0
36490,8,512,1,15.6,1920.0,1080.0,1,11.0,0,1,0,0,0,1,0,0,0,0,0,0,0,0,0,0,0,1,0,0,0,0,0,0,0,0
87490,16,512,1,14.0,1920.0,1200.0,1,13.0,0,1,0,0,0,0,0,0,1,0,0,0,0,0,0,0,0,1,0,0,0,0,0,0,0,0
44990,8,1024,1,15.6,1920.0,1080.0,1,13.0,0,1,0,0,0,1,0,0,0,0,0,0,0,0,0,0,0,0,0,1,0,0,0,0,0,0
107990,16,512,1,14.0,2880.0,1800.0,1,13.0,0,1,0,0,0,0,0,0,1,0,0,0,0,0,0,0,0,1,0,0,0,0,0,0,0,0
46900,8,1024,1,15.6,1920.0,1080.0,1,7.0,1,0,0,0,1,0,0,0,0,0,0,0,0,0,0,0,0,0,0,1,0,0,0,0,0,0
98890,16,1024,1,13.3,2560.0,1600.0,1,13.0,0,1,0,0,0,0,0,0,1,0,0,0,0,0,0,0,0,0,0,1,0,0,0,0,0,0
76990,8,1024,1,14.0,1920.0,1200.0,1,13.0,0,1,0,0,0,0,1,0,0,0,0,0,0,0,0,0,0,0,0,1,0,0,0,0,0,0
86990,16,1024,1,13.3,2560.0,1600.0,1,13.0,0,1,0,0,0,0,1,0,0,0,0,0,0,0,0,0,0,0,0,1,0,0,0,0,0,0
86990,16,1024,1,14.0,1920.0,1200.0,1,13.0,0,1,0,0,0,0,1,0,0,0,0,0,0,0,0,0,0,0,0,1,0,0,0,0,0,0
58490,8,512,1,14.0,1920.0,1080.0,1,13.0,0,1,0,0,0,0,1,0,0,0,0,0,0,0,0,0,0,0,0,1,0,0,0,0,0,0
69199,16,512,1,15.6,1920.0,1080.0,1,5.0,1,0,0,0,1,0,0,0,0,0,0,0,0,0,0,1,0,0,0,0,0,0,0,0,0,0
45990,8,512,1,15.6,1920.0,1080.0,2,11.0,0,1,0,0,0,0,1,0,0,0,0,0,0,0,0,0,0,0,0,0,0,0,0,1,0,0
94990,16,512,1,15.6,1920.0,1080.0,2,12.0,0,1,0,0,0,0,0,0,1,0,0,0,0,0,0,0,0,0,0,0,0,0,0,1,0,0
97990,8,1024,1,17.3,1920.0,1080.0,2,12.0,0,1,0,0,0,0,0,0,1,0,0,0,0,0,0,0,0,0,0,0,0,0,0,1,0,0
179990,16,1024,1,17.3,1920.0,1080.0,2,13.0,0,1,0,0,0,0,0,0,0,0,0,1,0,0,0,0,0,0,0,0,0,0,0,1,0,0
125990,8,1024,1,17.3,2560.0,1440.0,2,13.0,0,1,0,0,0,0,0,0,1,0,0,0,0,0,0,0,0,0,0,0,0,0,0,1,0,0
116463,16,512,1,15.6,1920.0,1080.0,1,13.0,0,1,0,0,0,0,1,0,0,0,0,0,0,0,0,1,0,0,0,0,0,0,0,0,0,0
109990,16,512,1,15.6,1920.0,1080.0,1,13.0,0,1,0,0,0,0,0,0,1,0,0,0,0,0,0,1,0,0,0,0,0,0,0,0,0,0
153625,16,512,1,16.1,1920.0,1080.0,1,13.0,0,1,0,0,0,0,1,0,0,0,0,0,0,0,0,1,0,0,0,0,0,0,0,0,0,0
270129,32,1024,1,16.1,2560.0,1600.0,1,13.0,0,1,0,0,0,0,0,0,0,0,0,1,0,0,0,1,0,0,0,0,0,0,0,0,0,0
149990,16,1024,1,15.6,2560.0,1440.0,2,12.0,0,1,0,0,0,0,1,0,0,0,0,0,0,0,0,0,0,0,0,0,0,0,1,0,0,0
58990,16,512,1,14.0,1920.0,1200.0,1,7.0,1,0,0,0,1,0,0,0,0,0,0,0,0,0,0,0,0,1,0,0,0,0,0,0,0,0
107190,16,512,1,13.3,2880.0,1800.0,1,12.0,0,1,0,0,0,0,0,0,1,0,0,0,0,0,0,1,0,0,0,0,0,0,0,0,0,0
32999,16,512,1,15.6,1920.0,1080.0,1,10.0,0,1,0,0,0,0,1,0,0,0,0,0,0,0,0,0,0,0,0,0,0,0,1,0,0,0
102090,16,512,1,16.1,1920.0,1080.0,1,13.0,0,1,0,0,0,0,1,0,0,0,0,0,0,0,0,1,0,0,0,0,0,0,0,0,0,0
231746,16,512,1,13.5,1920.0,1280.0,1,13.0,0,1,0,0,0,0,0,0,1,0,0,0,0,0,0,1,0,0,0,0,0,0,0,0,0,0
81990,16,512,1,16.0,1920.0,1200.0,1,12.0,0,1,0,0,0,0,0,0,1,0,0,0,0,0,0,0,0,0,0,0,1,0,0,0,0,0
36890,8,512,1,15.6,1920.0,1080.0,1,11.0,0,1,0,0,0,1,0,0,0,0,0,0,0,0,0,0,0,0,0,1,0,0,0,0,0,0
87990,16,512,1,15.6,1920.0,1080.0,1,12.0,0,1,0,0,0,0,1,0,0,0,0,0,0,0,0,0,0,1,0,0,0,0,0,0,0,0
77990,16,512,1,14.0,1920.0,1080.0,1,13.0,0,1,0,0,0,0,1,0,0,0,0,0,0,0,0,1,0,0,0,0,0,0,0,0,0,0
117574,8,512,1,15.6,1920.0,1080.0,2,12.0,0,1,0,0,0,0,1,0,0,0,0,0,0,0,0,0,0,0,0,0,0,0,1,0,0,0
97990,16,512,1,15.6,1920.0,1080.0,1,7.0,1,0,0,0,0,0,0,0,0,0,0,0,0,1,0,0,0,1,0,0,0,0,0,0,0,0
284990,32,1024,1,16.0,2560.0,1600.0,2,13.0,0,1,0,0,0,0,0,0,0,0,0,1,0,0,0,0,0,0,0,0,0,0,0,1,0,0
344990,32,2048,1,17.0,2560.0,1600.0,2,13.0,0,1,0,0,0,0,0,0,0,0,0,1,0,0,0,0,0,0,0,0,0,0,0,1,0,0
146599,16,1024,1,16.1,1920.0,1080.0,1,13.0,0,1,0,0,0,0,0,0,1,0,0,0,0,0,0,1,0,0,0,0,0,0,0,0,0,0
44990,8,512,1,15.6,1920.0,1080.0,1,11.0,0,1,0,0,0,0,1,0,0,0,0,0,0,0,0,0,1,0,0,0,0,0,0,0,0,0
57990,16,512,1,14.0,1920.0,1080.0,1,7.0,1,0,0,0,1,0,0,0,0,0,0,0,0,0,0,0,0,1,0,0,0,0,0,0,0,0
128599,16,512,1,16.0,1920.0,1080.0,1,7.0,1,0,0,0,0,0,0,0,0,0,0,0,0,1,0,1,0,0,0,0,0,0,0,0,0,0
21990,4,256,1,15.6,1920.0,1080.0,1,0.0,0,1,0,0,0,0,0,0,0,1,0,0,0,0,0,0,0,0,0,0,1,0,0,0,0,0
151990,16,512,1,16.1,1920.0,1080.0,1,13.0,0,1,0,0,0,0,0,0,1,0,0,0,0,0,0,1,0,0,0,0,0,0,0,0,0,0
52990,16,1024,1,15.6,1920.0,1080.0,1,11.0,0,1,0,0,0,0,0,0,1,0,0,0,0,0,0,0,0,0,0,0,0,0,0,0,1,0
119888,16,1024,1,14.0,1920.0,1080.0,1,11.0,0,1,0,0,0,0,1,0,0,0,0,0,0,0,0,0,0,1,0,0,0,0,0,0,0,0
22990,4,256,1,15.6,1920.0,1080.0,1,3.0,1,0,0,0,0,0,0,0,0,1,0,0,0,0,0,1,0,0,0,0,0,0,0,0,0,0
76888,16,512,1,13.3,1920.0,1200.0,1,7.0,1,0,0,0,1,0,0,0,0,0,0,0,0,0,0,0,0,1,0,0,0,0,0,0,0,0
256990,16,1024,1,15.6,3456.0,2160.0,1,13.0,0,1,0,0,0,0,0,0,1,0,0,0,0,0,0,0,0,0,0,1,0,0,0,0,0,0
83090,16,512,1,13.3,2560.0,1600.0,1,13.0,0,1,0,0,0,0,1,0,0,0,0,0,0,0,0,0,0,0,0,1,0,0,0,0,0,0
67999,16,512,1,15.6,1920.0,1080.0,1,11.0,0,1,0,0,0,0,1,0,0,0,0,0,0,0,0,0,0,0,0,1,0,0,0,0,0,0
96256,16,512,1,15.6,1920.0,1080.0,1,12.0,0,1,0,0,0,0,0,0,1,0,0,0,0,0,0,0,1,0,0,0,0,0,0,0,0,0
77990,16,512,1,14.0,1920.0,1080.0,1,12.0,0,1,0,0,0,0,1,0,0,0,0,0,0,0,0,0,0,0,0,0,0,0,0,1,0,0
323290,32,1024,1,16.0,3200.0,1800.0,1,13.0,0,1,0,0,0,0,0,0,0,0,0,1,0,0,0,0,0,0,0,1,0,0,0,0,0,0
67990,16,512,1,14.0,1920.0,1080.0,1,5.0,1,0,0,0,0,0,0,0,0,0,0,0,0,1,0,0,0,0,0,1,0,0,0,0,0,0
82990,8,512,1,13.3,1920.0,1200.0,2,12.0,0,1,0,0,0,0,1,0,0,0,0,0,0,0,0,0,0,0,0,0,0,0,0,1,0,0
199990,16,1024,1,16.0,1920.0,1200.0,1,7.0,1,0,0,0,0,0,0,0,0,0,0,0,0,1,0,0,0,0,0,1,0,0,0,0,0,0
189999,16,1024,1,16.0,3840.0,2400.0,2,12.0,0,1,0,0,0,0,0,0,1,0,0,0,0,0,0,0,0,0,0,0,0,0,1,0,0,0
73990,16,512,1,13.3,1920.0,1200.0,3,7.0,1,0,0,0,1,0,0,0,0,0,0,0,0,0,0,0,0,1,0,0,0,0,0,0,0,0
67990,16,512,1,15.6,1920.0,1080.0,1,5.0,1,0,0,0,1,0,0,0,0,0,0,0,0,0,0,0,0,0,0,0,1,0,0,0,0,0
142990,16,1024,1,16.0,2560.0,1600.0,1,12.0,0,1,0,0,0,0,0,0,1,0,0,0,0,0,0,0,0,0,0,0,1,0,0,0,0,0
64990,16,512,1,14.0,1920.0,1200.0,1,5.0,1,0,0,0,0,0,0,0,0,0,0,0,0,1,0,0,0,1,0,0,0,0,0,0,0,0
84800,16,512,1,16.0,1920.0,1200.0,1,12.0,0,1,0,0,0,0,0,0,1,0,0,0,0,0,0,0,0,0,0,0,1,0,0,0,0,0
64990,16,512,1,14.0,1920.0,1200.0,1,7.0,1,0,0,0,1,0,0,0,0,0,0,0,0,0,0,0,0,1,0,0,0,0,0,0,0,0
129990,16,512,1,16.0,1920.0,1200.0,1,7.0,1,0,0,0,0,0,0,0,0,0,0,0,0,1,0,0,1,0,0,0,0,0,0,0,0,0
114990,8,512,1,16.0,1920.0,1200.0,1,7.0,1,0,0,0,0,0,0,0,0,0,0,0,0,1,0,0,1,0,0,0,0,0,0,0,0,0
80000,8,512,1,15.6,1920.0,1080.0,1,13.0,0,1,0,0,0,0,0,0,1,0,0,0,0,0,0,0,1,0,0,0,0,0,0,0,0,0
54990,16,512,1,15.6,1920.0,1080.0,1,13.0,0,1,0,0,0,0,1,0,0,0,0,0,0,0,0,0,1,0,0,0,0,0,0,0,0,0
98999,16,512,1,14.0,1200.0,1920.0,1,13.0,0,1,0,0,0,0,1,0,0,0,0,0,0,0,0,0,0,0,0,0,0,0,0,0,0,1
69990,8,512,1,14.0,1920.0,1080.0,1,10.0,0,1,0,0,0,0,1,0,0,0,0,0,0,0,0,0,0,0,0,1,0,0,0,0,0,0
76990,16,512,1,15.6,1920.0,1080.0,1,5.0,1,0,0,0,0,0,0,0,0,0,0,0,0,1,0,0,0,0,0,0,1,0,0,0,0,0
74990,16,512,1,14.0,1920.0,1200.0,2,13.0,0,1,0,0,0,0,1,0,0,0,0,0,0,0,0,0,0,0,0,0,0,0,1,0,0,0
89990,16,512,1,14.0,1920.0,1200.0,2,13.0,0,1,0,0,0,0,0,0,1,0,0,0,0,0,0,0,0,0,0,0,0,0,1,0,0,0
29999,8,512,1,15.6,1366.0,768.0,1,0.0,0,1,0,0,0,0,0,0,0,1,0,0,0,0,0,1,0,0,0,0,0,0,0,0,0,0
97705,16,512,1,16.0,1920.0,1200.0,1,12.0,0,1,0,0,0,0,1,0,0,0,0,0,0,0,0,1,0,0,0,0,0,0,0,0,0,0
240707,32,1024,1,16.0,3840.0,2400.0,1,12.0,0,1,0,0,0,0,0,0,0,0,0,1,0,0,0,1,0,0,0,0,0,0,0,0,0,0
234990,16,1024,1,16.0,1920.0,1200.0,1,12.0,0,1,0,0,0,0,0,0,1,0,0,0,0,0,0,1,0,0,0,0,0,0,0,0,0,0
209990,16,1024,1,16.0,1920.0,1200.0,1,12.0,0,1,0,0,0,0,0,0,1,0,0,0,0,0,0,1,0,0,0,0,0,0,0,0,0,0
390914,32,1024,1,16.0,3840.0,2400.0,1,12.0,0,1,0,0,0,0,0,0,0,0,0,1,0,0,0,1,0,0,0,0,0,0,0,0,0,0
172588,16,1024,1,16.0,3840.0,2400.0,1,12.0,0,1,0,0,0,0,0,0,1,0,0,0,0,0,0,1,0,0,0,0,0,0,0,0,0,0
254657,16,1024,1,16.0,3840.0,2400.0,1,12.0,0,1,0,0,0,0,0,0,1,0,0,0,0,0,0,1,0,0,0,0,0,0,0,0,0,0
152499,16,1024,1,16.0,1600.0,2560.0,1,13.0,0,1,0,0,0,0,0,0,1,0,0,0,0,0,0,0,0,0,0,0,0,0,0,0,0,1
23990,4,256,1,11.6,1366.0,768.0,1,0.0,0,1,0,0,0,0,0,0,0,1,0,0,0,0,0,0,0,1,0,0,0,0,0,0,0,0
119990,16,512,1,14.0,2560.0,1600.0,1,6.0,1,0,0,0,0,0,0,0,0,0,0,0,0,1,0,0,0,0,0,0,1,0,0,0,0,0
78299,16,512,1,16.0,1920.0,1200.0,1,7.0,1,0,0,0,1,0,0,0,0,0,0,0,0,0,0,0,0,0,0,0,0,0,0,0,0,1
115990,16,512,1,14.0,1200.0,1920.0,1,13.0,0,1,0,0,0,0,0,0,1,0,0,0,0,0,0,0,0,0,0,0,0,0,0,0,0,1
61990,16,512,1,15.6,1920.0,1080.0,1,13.0,0,1,0,0,0,0,1,0,0,0,0,0,0,0,0,0,0,0,0,0,1,0,0,0,0,0
26999,8,512,1,15.6,1366.0,768.0,1,3.0,1,0,0,0,0,0,0,0,0,0,1,0,0,0,0,1,0,0,0,0,0,0,0,0,0,0
103099,16,512,1,16.1,2560.0,1440.0,1,13.0,0,1,0,0,0,0,1,0,0,0,0,0,0,0,0,1,0,0,0,0,0,0,0,0,0,0
64990,32,1024,1,15.6,1920.0,1080.0,1,13.0,0,1,0,0,0,0,0,0,1,0,0,0,0,0,0,0,0,0,0,0,0,0,0,0,1,0
47990,8,512,1,14.0,1920.0,1080.0,2,12.0,0,1,0,0,0,0,1,0,0,0,0,0,0,0,0,0,0,1,0,0,0,0,0,0,0,0
24990,8,256,1,14.0,1366.0,768.0,1,4.0,0,1,0,0,0,0,0,0,0,1,0,0,0,0,0,0,0,1,0,0,0,0,0,0,0,0
130800,16,512,1,14.0,1920.0,1080.0,1,11.0,0,1,0,0,0,0,0,0,1,0,0,0,0,0,0,0,0,1,0,0,0,0,0,0,0,0
57990,16,512,1,15.6,1920.0,1080.0,2,11.0,0,1,0,0,0,0,0,0,1,0,0,0,0,0,0,0,0,0,0,0,0,0,0,1,0,0
38500,8,512,1,15.6,1920.0,1080.0,1,7.0,1,0,0,0,0,0,0,0,0,0,1,0,0,0,0,0,0,1,0,0,0,0,0,0,0,0
47990,8,512,1,15.6,1920.0,1080.0,2,11.0,0,1,0,0,0,0,1,0,0,0,0,0,0,0,0,0,0,0,0,0,0,0,0,1,0,0
44990,8,512,1,14.0,1920.0,1200.0,1,7.0,1,0,0,0,0,0,0,0,0,0,1,0,0,0,0,0,0,1,0,0,0,0,0,0,0,0
69990,16,512,1,15.6,1920.0,1080.0,2,12.0,0,1,0,0,0,0,1,0,0,0,0,0,0,0,0,0,0,0,0,0,0,0,0,1,0,0
61990,16,512,1,15.6,1920.0,1080.0,1,13.0,0,1,0,0,0,0,1,0,0,0,0,0,0,0,0,0,0,0,0,0,1,0,0,0,0,0
89990,16,512,1,16.0,1920.0,1200.0,1,12.0,0,1,0,0,0,0,1,0,0,0,0,0,0,0,0,0,0,0,0,0,1,0,0,0,0,0
65990,16,512,1,15.6,1920.0,1080.0,1,13.0,0,1,0,0,0,0,1,0,0,0,0,0,0,0,0,0,0,0,0,0,1,0,0,0,0,0
58990,8,512,1,14.0,1920.0,1200.0,1,7.0,1,0,0,0,1,0,0,0,0,0,0,0,0,0,0,0,0,1,0,0,0,0,0,0,0,0
94990,16,512,1,15.6,1920.0,1080.0,1,13.0,0,1,0,0,0,0,1,0,0,0,0,0,0,0,0,1,0,0,0,0,0,0,0,0,0,0
86490,16,512,1,15.6,1920.0,1080.0,1,7.0,1,0,0,0,0,0,0,0,0,0,0,0,0,1,0,1,0,0,0,0,0,0,0,0,0,0
77490,16,512,1,15.6,1920.0,1080.0,1,7.0,1,0,0,0,1,0,0,0,0,0,0,0,0,0,0,1,0,0,0,0,0,0,0,0,0,0
85490,16,512,1,15.6,1920.0,1080.0,1,7.0,1,0,0,0,1,0,0,0,0,0,0,0,0,0,0,1,0,0,0,0,0,0,0,0,0,0
44000,8,512,1,15.6,1920.0,1080.0,1,13.0,0,1,0,0,0,1,0,0,0,0,0,0,0,0,0,0,0,1,0,0,0,0,0,0,0,0
51990,16,512,1,14.0,1920.0,1080.0,1,7.0,1,0,0,0,1,0,0,0,0,0,0,0,0,0,0,1,0,0,0,0,0,0,0,0,0,0
37990,8,1024,0,15.6,1920.0,1080.0,1,11.0,0,1,0,0,0,1,0,0,0,0,0,0,0,0,0,0,0,0,0,1,0,0,0,0,0,0
34990,8,512,1,14.0,1920.0,1080.0,1,7.0,1,0,0,0,0,0,0,0,0,0,1,0,0,0,0,1,0,0,0,0,0,0,0,0,0,0
57799,16,512,1,14.0,1920.0,1080.0,1,7.0,1,0,0,0,1,0,0,0,0,0,0,0,0,0,0,0,0,1,0,0,0,0,0,0,0,0
65990,8,512,1,15.6,1920.0,1080.0,1,12.0,0,1,0,0,0,0,1,0,0,0,0,0,0,0,0,0,0,1,0,0,0,0,0,0,0,0
53990,8,512,1,15.6,1920.0,1080.0,1,12.0,0,1,0,0,0,0,1,0,0,0,0,0,0,0,0,0,0,1,0,0,0,0,0,0,0,0
49990,8,512,1,15.6,1920.0,1080.0,1,5.0,1,0,0,0,1,0,0,0,0,0,0,0,0,0,0,0,0,1,0,0,0,0,0,0,0,0
171990,16,1024,1,15.6,2560.0,1440.0,2,13.0,0,1,0,0,0,0,0,0,1,0,0,0,0,0,0,0,0,0,0,0,0,0,0,1,0,0
44990,8,512,1,14.0,1920.0,1080.0,1,13.0,0,1,0,0,0,1,0,0,0,0,0,0,0,0,0,1,0,0,0,0,0,0,0,0,0,0
115990,16,1024,1,15.6,1920.0,1080.0,1,13.0,0,1,0,0,0,0,0,0,1,0,0,0,0,0,0,1,0,0,0,0,0,0,0,0,0,0
50990,16,512,1,14.0,1920.0,1080.0,1,7.0,1,0,0,0,1,0,0,0,0,0,0,0,0,0,0,1,0,0,0,0,0,0,0,0,0,0
109990,16,512,1,15.6,1920.0,1080.0,1,13.0,0,1,0,0,0,0,0,0,1,0,0,0,0,0,0,1,0,0,0,0,0,0,0,0,0,0
29990,8,256,1,14.0,1366.0,768.0,1,3.0,1,0,0,0,1,0,0,0,0,0,0,0,0,0,0,0,1,0,0,0,0,0,0,0,0,0
163999,16,1024,1,14.0,2560.0,1600.0,1,7.0,1,0,0,0,0,0,0,0,0,0,0,0,0,0,1,0,0,0,0,0,1,0,0,0,0,0
58990,8,1024,1,15.6,1920.0,1080.0,1,11.0,0,1,0,0,0,0,1,0,0,0,0,0,0,0,0,0,0,0,0,0,1,0,0,0,0,0
83990,16,512,1,14.0,1920.0,1080.0,1,13.0,0,1,0,0,0,0,0,0,1,0,0,0,0,0,0,0,0,0,0,1,0,0,0,0,0,0
43890,8,512,1,15.6,1920.0,1080.0,1,5.0,1,0,0,0,1,0,0,0,0,0,0,0,0,0,0,0,0,0,0,1,0,0,0,0,0,0
79999,32,2048,1,16.0,2560.0,1600.0,1,7.0,1,0,0,0,0,0,0,0,0,0,0,0,0,1,0,0,0,0,0,0,0,0,1,0,0,0
35490,8,512,1,15.6,1920.0,1080.0,1,11.0,0,1,0,0,0,1,0,0,0,0,0,0,0,0,0,0,0,1,0,0,0,0,0,0,0,0
137890,32,1024,1,15.6,1920.0,1080.0,1,6.0,1,0,0,0,0,0,0,0,0,0,0,0,0,1,0,1,0,0,0,0,0,0,0,0,0,0
94990,16,512,1,14.0,1920.0,1200.0,1,12.0,0,1,0,0,0,0,0,0,1,0,0,0,0,0,0,0,0,0,0,1,0,0,0,0,0,0
67990,16,512,1,15.6,1920.0,1080.0,1,12.0,0,1,0,0,0,0,1,0,0,0,0,0,0,0,0,0,0,1,0,0,0,0,0,0,0,0
46990,8,512,1,14.0,1920.0,1080.0,1,7.0,1,0,0,0,1,0,0,0,0,0,0,0,0,0,0,1,0,0,0,0,0,0,0,0,0,0
94990,16,512,1,16.0,1920.0,1200.0,1,12.0,0,1,0,0,0,0,0,0,1,0,0,0,0,0,0,0,0,0,0,0,1,0,0,0,0,0
83500,8,512,1,17.3,1920.0,1080.0,1,10.0,0,1,0,0,0,0,0,0,1,0,0,0,0,0,0,0,0,0,0,0,0,0,0,1,0,0
91990,16,512,1,15.6,1920.0,1080.0,2,12.0,0,1,0,0,0,0,1,0,0,0,0,0,0,0,0,0,0,0,0,0,0,0,0,1,0,0
111990,16,512,1,15.6,1920.0,1080.0,2,12.0,0,1,0,0,0,0,0,0,1,0,0,0,0,0,0,0,0,0,0,0,0,0,0,1,0,0
67990,16,512,1,15.6,1920.0,1080.0,1,12.0,0,1,0,0,0,0,1,0,0,0,0,0,0,0,0,1,0,0,0,0,0,0,0,0,0,0
67999,8,512,1,14.0,1920.0,1080.0,1,12.0,0,1,0,0,0,0,1,0,0,0,0,0,0,0,0,0,0,1,0,0,0,0,0,0,0,0
46200,8,512,1,14.0,1920.0,1080.0,1,12.0,0,1,0,0,0,1,0,0,0,0,0,0,0,0,0,0,0,1,0,0,0,0,0,0,0,0
52998,8,512,1,16.0,1920.0,1080.0,1,12.0,0,1,0,0,0,1,0,0,0,0,0,0,0,0,0,0,0,0,0,1,0,0,0,0,0,0
45499,8,512,1,15.6,1920.0,1080.0,1,5.0,1,0,0,0,1,0,0,0,0,0,0,0,0,0,0,0,0,0,0,1,0,0,0,0,0,0
49999,8,512,1,14.0,1920.0,1080.0,1,12.0,0,1,0,0,0,1,0,0,0,0,0,0,0,0,0,0,0,1,0,0,0,0,0,0,0,0
29980,8,256,1,15.6,1920.0,1080.0,1,0.0,0,1,0,0,0,1,0,0,0,0,0,0,0,0,0,0,1,0,0,0,0,0,0,0,0,0
57290,8,512,1,16.0,1920.0,1200.0,1,7.0,1,0,0,0,1,0,0,0,0,0,0,0,0,0,0,0,0,0,0,1,0,0,0,0,0,0
58990,8,512,1,14.0,1920.0,1080.0,1,11.0,0,1,0,0,0,0,1,0,0,0,0,0,0,0,0,1,0,0,0,0,0,0,0,0,0,0
199990,32,1024,1,14.0,2560.0,1600.0,1,7.0,1,0,0,0,0,0,0,0,0,0,0,0,0,0,1,0,0,0,0,0,0,0,1,0,0,0
79990,16,512,1,15.6,1920.0,1080.0,2,7.0,1,0,0,0,0,0,0,0,0,0,0,0,0,1,0,0,0,0,0,0,0,0,0,1,0,0
78990,16,512,1,15.6,1920.0,1080.0,2,7.0,1,0,0,0,1,0,0,0,0,0,0,0,0,0,0,0,0,0,0,0,0,0,0,1,0,0
51990,8,512,1,14.0,1920.0,1200.0,1,13.0,0,1,0,0,0,0,1,0,0,0,0,0,0,0,0,0,1,0,0,0,0,0,0,0,0,0
104990,16,1024,1,17.3,1920.0,1080.0,1,7.0,1,0,0,0,0,0,0,0,0,0,0,0,0,1,0,0,0,0,0,0,0,0,0,1,0,0
104990,16,1024,1,15.6,1920.0,1080.0,1,7.0,1,0,0,0,0,0,0,0,0,0,0,0,0,1,0,0,0,0,0,0,0,0,0,1,0,0
39990,8,512,1,14.0,1920.0,1080.0,1,11.0,0,1,0,0,0,0,1,0,0,0,0,0,0,0,0,0,1,0,0,0,0,0,0,0,0,0
59990,16,512,1,15.6,1920.0,1080.0,2,11.0,0,1,0,0,0,0,0,0,1,0,0,0,0,0,0,0,0,0,0,0,0,0,0,1,0,0
47990,8,512,1,15.6,1920.0,1080.0,2,11.0,0,1,0,0,0,0,1,0,0,0,0,0,0,0,0,0,0,0,0,0,0,0,0,1,0,0
47890,8,512,1,15.6,1920.0,1080.0,1,12.0,0,1,0,0,0,0,1,0,0,0,0,0,0,0,0,0,0,0,0,0,1,0,0,0,0,0
85490,16,512,1,15.6,1920.0,1080.0,1,7.0,1,0,0,0,1,0,0,0,0,0,0,0,0,0,0,0,0,0,0,0,0,0,0,1,0,0
94990,16,1024,1,15.6,1920.0,1080.0,1,7.0,1,0,0,0,0,0,0,0,0,0,0,0,0,1,0,0,0,0,0,0,0,0,0,1,0,0
95490,16,1024,1,17.3,1920.0,1080.0,1,7.0,1,0,0,0,0,0,0,0,0,0,0,0,0,1,0,0,0,0,0,0,0,0,0,1,0,0
54999,8,512,1,15.6,1366.0,768.0,1,12.0,0,1,0,0,0,1,0,0,0,0,0,0,0,0,0,1,0,0,0,0,0,0,0,0,0,0
159000,16,512,1,14.0,1920.0,1200.0,1,12.0,0,1,0,0,0,0,0,0,1,0,0,0,0,0,0,0,0,1,0,0,0,0,0,0,0,0
80610,16,512,1,16.0,1920.0,1080.0,1,12.0,0,1,0,0,0,0,1,0,0,0,0,0,0,0,0,0,0,0,0,1,0,0,0,0,0,0
77990,8,512,1,13.3,1920.0,1200.0,2,12.0,0,1,0,0,0,0,1,0,0,0,0,0,0,0,0,0,0,0,0,0,0,0,0,1,0,0
303490,32,1024,1,17.0,3840.0,2400.0,1,13.0,0,1,0,0,0,0,0,0,1,0,0,0,0,0,0,0,0,0,0,1,0,0,0,0,0,0
201990,32,1024,1,13.4,3840.0,2400.0,1,13.0,0,1,0,0,0,0,0,0,1,0,0,0,0,0,0,0,0,0,0,1,0,0,0,0,0,0
278290,32,1024,1,15.6,3456.0,2160.0,1,13.0,0,1,0,0,0,0,0,0,1,0,0,0,0,0,0,0,0,0,0,1,0,0,0,0,0,0
286200,32,1024,1,16.0,2560.0,1600.0,1,13.0,0,1,0,0,0,0,0,0,0,0,0,1,0,0,0,0,0,1,0,0,0,0,0,0,0,0
157544,16,1024,1,16.0,3200.0,2000.0,1,13.0,0,1,0,0,0,0,1,0,0,0,0,0,0,0,0,0,0,1,0,0,0,0,0,0,0,0
140990,16,1024,1,16.0,2560.0,1600.0,1,7.0,1,0,0,0,0,0,0,0,0,0,0,0,0,1,0,0,0,1,0,0,0,0,0,0,0,0
133000,16,512,1,14.0,1920.0,1080.0,1,12.0,0,1,0,0,0,0,0,0,1,0,0,0,0,0,0,0,0,1,0,0,0,0,0,0,0,0
72500,8,512,1,14.0,1920.0,1080.0,1,12.0,0,1,0,0,0,0,1,0,0,0,0,0,0,0,0,0,0,1,0,0,0,0,0,0,0,0
127000,8,512,1,14.0,1200.0,1920.0,1,13.0,0,1,0,0,0,0,1,0,0,0,0,0,0,0,0,0,0,0,0,0,0,0,0,0,0,1
146990,16,1024,1,17.0,1600.0,2560.0,1,13.0,0,1,0,0,0,0,0,0,1,0,0,0,0,0,0,0,0,0,0,0,0,0,0,0,0,1
142990,16,1024,1,16.0,1600.0,2560.0,1,13.0,0,1,0,0,0,0,0,0,1,0,0,0,0,0,0,0,0,0,0,0,0,0,0,0,0,1
205000,8,256,1,16.0,1600.0,2560.0,1,13.0,0,1,0,0,0,0,1,0,0,0,0,0,0,0,0,0,0,0,0,0,0,0,0,0,0,1
89799,16,512,1,16.0,1920.0,1200.0,1,7.0,1,0,0,0,0,0,0,0,0,0,0,0,0,1,0,0,0,0,0,0,0,0,0,0,0,1
63999,16,1024,1,14.0,1920.0,1080.0,1,12.0,0,1,0,0,0,0,1,0,0,0,0,0,0,0,0,0,0,1,0,0,0,0,0,0,0,0
43490,8,512,1,15.6,1920.0,1080.0,1,5.0,1,0,0,0,1,0,0,0,0,0,0,0,0,0,0,0,0,0,0,1,0,0,0,0,0,0
12990,4,128,1,14.1,1920.0,1080.0,1,0.0,0,1,0,0,0,0,0,0,0,1,0,0,0,0,0,0,0,0,0,0,0,0,1,0,0,0
15990,4,256,1,15.6,1920.0,1080.0,1,0.0,0,1,0,0,0,0,0,0,0,1,0,0,0,0,0,0,0,0,0,0,0,0,1,0,0,0
36990,16,512,1,14.0,1920.0,1080.0,1,12.0,0,1,0,0,0,1,0,0,0,0,0,0,0,0,0,0,0,0,0,0,0,0,0,1,0,0
63990,16,512,1,14.0,1920.0,1200.0,1,12.0,0,1,0,0,0,0,1,0,0,0,0,0,0,0,0,0,0,0,0,0,1,0,0,0,0,0
45990,8,512,1,14.0,1920.0,1080.0,1,12.0,0,1,0,0,0,0,1,0,0,0,0,0,0,0,0,0,0,1,0,0,0,0,0,0,0,0
34990,8,512,1,15.6,1920.0,1080.0,1,5.0,1,0,0,0,1,0,0,0,0,0,0,0,0,0,0,0,0,1,0,0,0,0,0,0,0,0
41490,8,512,1,15.6,1920.0,1080.0,1,5.0,1,0,0,0,1,0,0,0,0,0,0,0,0,0,0,0,0,1,0,0,0,0,0,0,0,0
64990,16,512,1,15.6,1920.0,1080.0,1,5.0,1,0,0,0,0,0,0,0,0,0,0,0,0,1,0,0,0,0,0,0,1,0,0,0,0,0
57990,8,512,1,16.1,1920.0,1080.0,1,11.0,0,1,0,0,0,0,1,0,0,0,0,0,0,0,0,1,0,0,0,0,0,0,0,0,0,0
54990,16,512,1,15.6,1920.0,1080.0,1,12.0,0,1,0,0,0,0,1,0,0,0,0,0,0,0,0,0,1,0,0,0,0,0,0,0,0,0
208990,16,1024,1,14.0,2560.0,1600.0,1,13.0,0,1,0,0,0,0,0,0,1,0,0,0,0,0,0,0,0,0,0,1,0,0,0,0,0,0
91560,16,1024,1,15.6,2880.0,1620.0,1,13.0,0,1,0,0,0,0,1,0,0,0,0,0,0,0,0,0,0,0,0,0,1,0,0,0,0,0
74000,16,512,1,14.0,1920.0,1080.0,3,11.0,0,1,0,0,0,0,1,0,0,0,0,0,0,0,0,0,0,1,0,0,0,0,0,0,0,0
51999,8,512,1,15.6,1920.0,1080.0,1,12.0,0,1,0,0,0,0,1,0,0,0,0,0,0,0,0,0,0,1,0,0,0,0,0,0,0,0
31990,8,512,1,15.6,1920.0,1080.0,1,7.0,1,0,0,0,0,0,0,0,0,0,1,0,0,0,0,0,0,1,0,0,0,0,0,0,0,0
32490,8,256,1,15.6,1920.0,1080.0,1,11.0,0,1,0,0,0,1,0,0,0,0,0,0,0,0,0,0,0,1,0,0,0,0,0,0,0,0
74888,16,512,1,15.6,1920.0,1080.0,1,0.0,0,1,0,0,0,0,0,0,1,0,0,0,0,0,0,0,0,1,0,0,0,0,0,0,0,0
66500,8,512,1,16.1,1920.0,1080.0,1,11.0,0,1,0,0,0,0,1,0,0,0,0,0,0,0,0,1,0,0,0,0,0,0,0,0,0,0
156799,16,1024,1,16.0,2560.0,1600.0,1,13.0,0,1,0,0,0,0,0,0,1,0,0,0,0,0,0,0,0,0,0,1,0,0,0,0,0,0
166899,32,1024,1,16.0,2560.0,1600.0,1,13.0,0,1,0,0,0,0,0,0,1,0,0,0,0,0,0,0,0,0,0,1,0,0,0,0,0,0
89990,16,512,1,14.0,1920.0,1200.0,1,13.0,0,1,0,0,0,0,0,0,1,0,0,0,0,0,0,0,0,0,0,1,0,0,0,0,0,0
171499,16,1024,1,17.3,2560.0,1440.0,1,13.0,0,1,0,0,0,0,0,0,0,1,0,0,0,0,0,1,0,0,0,0,0,0,0,0,0,0
29999,8,512,1,14.0,1366.0,768.0,1,0.0,0,1,0,0,0,0,0,0,0,1,0,0,0,0,0,1,0,0,0,0,0,0,0,0,0,0
35998,8,512,1,15.6,1920.0,1080.0,2,11.0,0,1,0,0,0,1,0,0,0,0,0,0,0,0,0,0,0,1,0,0,0,0,0,0,0,0
44989,8,512,1,15.6,1920.0,1080.0,1,13.0,0,1,0,0,0,1,0,0,0,0,0,0,0,0,0,0,0,0,0,1,0,0,0,0,0,0
34990,8,512,1,15.6,1920.0,1080.0,1,12.0,0,1,0,0,0,1,0,0,0,0,0,0,0,0,0,0,1,0,0,0,0,0,0,0,0,0
48990,16,512,1,14.0,1920.0,1080.0,1,11.0,0,1,0,0,0,0,0,0,1,0,0,0,0,0,0,0,0,0,0,0,0,0,0,0,1,0
72990,8,512,1,14.0,1920.0,1200.0,1,13.0,0,1,0,0,0,0,1,0,0,0,0,0,0,0,0,0,0,0,0,1,0,0,0,0,0,0
71570,16,512,1,14.0,1920.0,1080.0,1,13.0,0,1,0,0,0,0,1,0,0,0,0,0,0,0,0,0,0,0,0,1,0,0,0,0,0,0
74990,16,512,1,15.6,1920.0,1080.0,1,5.0,1,0,0,0,0,0,0,0,0,0,0,0,0,1,0,1,0,0,0,0,0,0,0,0,0,0
25990,8,256,1,15.6,1920.0,1080.0,1,0.0,0,1,0,0,0,0,0,0,0,1,0,0,0,0,0,0,0,0,0,0,1,0,0,0,0,0
46490,8,512,1,14.0,1920.0,1080.0,1,5.0,1,0,0,0,0,0,0,0,0,0,0,0,0,1,0,1,0,0,0,0,0,0,0,0,0,0
64590,8,512,1,14.0,1920.0,1080.0,1,13.0,0,1,0,0,0,0,1,0,0,0,0,0,0,0,0,0,0,0,0,1,0,0,0,0,0,0
63990,8,512,1,15.6,1920.0,1080.0,1,13.0,0,1,0,0,0,0,1,0,0,0,0,0,0,0,0,0,0,0,0,1,0,0,0,0,0,0
247999,32,1024,1,17.0,2560.0,1600.0,3,13.0,0,1,0,0,0,0,0,0,0,0,0,1,0,0,0,0,0,0,0,0,0,0,0,1,0,0
93990,8,512,1,16.0,1920.0,1200.0,1,13.0,0,1,0,0,0,0,1,0,0,0,0,0,0,0,0,0,0,0,0,1,0,0,0,0,0,0
51990,8,512,1,15.6,1920.0,1080.0,1,5.0,1,0,0,0,1,0,0,0,0,0,0,0,0,0,0,1,0,0,0,0,0,0,0,0,0,0
47990,8,512,1,16.0,1920.0,1200.0,1,7.0,1,0,0,0,1,0,0,0,0,0,0,0,0,0,0,0,0,0,0,0,1,0,0,0,0,0
34390,8,512,1,14.0,1920.0,1080.0,1,12.0,0,1,0,0,0,1,0,0,0,0,0,0,0,0,0,0,0,1,0,0,0,0,0,0,0,0
50990,8,512,1,15.6,1920.0,1080.0,1,12.0,0,1,0,0,0,0,1,0,0,0,0,0,0,0,0,0,1,0,0,0,0,0,0,0,0,0
28490,8,512,1,15.0,1366.0,768.0,1,0.0,0,1,0,0,0,0,0,0,0,1,0,0,0,0,0,1,0,0,0,0,0,0,0,0,0,0
79990,8,512,1,15.6,1920.0,1080.0,2,12.0,0,1,0,0,0,0,0,0,1,0,0,0,0,0,0,0,0,0,0,0,0,0,0,1,0,0
79990,16,1024,1,15.6,1920.0,1080.0,2,12.0,0,1,0,0,0,0,1,0,0,0,0,0,0,0,0,0,0,0,0,0,0,0,0,1,0,0
29990,8,512,1,14.0,1366.0,768.0,1,3.0,1,0,0,0,1,0,0,0,0,0,0,0,0,0,0,0,1,0,0,0,0,0,0,0,0,0
59990,8,512,1,15.6,1920.0,1080.0,1,5.0,1,0,0,0,1,0,0,0,0,0,0,0,0,0,0,1,0,0,0,0,0,0,0,0,0,0
107399,16,1024,1,16.0,3840.0,2400.0,1,7.0,1,0,0,0,0,0,0,0,0,0,0,0,0,1,0,0,1,0,0,0,0,0,0,0,0,0
129199,16,512,1,15.6,1920.0,1080.0,1,13.0,0,1,0,0,0,0,0,0,1,0,0,0,0,0,0,0,0,0,0,1,0,0,0,0,0,0
119990,16,512,1,15.6,1920.0,1080.0,1,13.0,0,1,0,0,0,0,0,0,1,0,0,0,0,0,0,0,0,0,0,1,0,0,0,0,0,0
187490,16,1024,1,16.0,2560.0,1600.0,1,13.0,0,1,0,0,0,0,0,0,0,0,0,1,0,0,0,0,0,0,0,1,0,0,0,0,0,0
125699,16,512,1,15.6,1920.0,1080.0,1,13.0,0,1,0,0,0,0,0,0,1,0,0,0,0,0,0,0,0,0,0,1,0,0,0,0,0,0
49990,16,512,1,14.0,1920.0,1080.0,1,13.0,0,1,0,0,0,1,0,0,0,0,0,0,0,0,0,0,1,0,0,0,0,0,0,0,0,0
56990,16,512,1,15.6,1920.0,1080.0,1,13.0,0,1,0,0,0,0,1,0,0,0,0,0,0,0,0,0,1,0,0,0,0,0,0,0,0,0
44990,8,512,1,15.6,1920.0,1080.0,1,13.0,0,1,0,0,0,1,0,0,0,0,0,0,0,0,0,0,0,0,0,0,1,0,0,0,0,0
110000,16,1024,1,15.6,2560.0,1440.0,1,6.0,1,0,0,0,0,0,0,0,0,0,0,0,0,1,0,0,0,0,0,0,1,0,0,0,0,0
189990,32,1024,1,14.0,2560.0,1600.0,1,7.0,1,0,0,0,0,0,0,0,0,0,0,0,0,0,1,0,0,0,0,0,1,0,0,0,0,0
129990,16,512,1,15.6,1920.0,1080.0,1,13.0,0,1,0,0,0,0,0,0,1,0,0,0,0,0,0,0,0,0,0,0,1,0,0,0,0,0
131990,16,1024,1,15.6,1920.0,1080.0,1,7.0,1,0,0,0,0,0,0,0,0,0,0,0,0,0,1,0,0,0,0,0,1,0,0,0,0,0
